id,index,period,timestamp,minute,second,type,possession,possession_team,play_pattern,team,player,position,location,duration,related_events,match_id,shot_statsbomb_xg,shot_end_location,shot_key_pass_id,shot_technique,shot_body_part,shot_type,shot_outcome,shot_freeze_frame,possession_team_id,team_id,player_id,under_pressure,shot_first_time,shot_one_on_one,shot_redirect
37176efb-40b9-4dcc-92ba-c983905ae715,222,1,00:04:28.202,4,28,Shot,12,Canada,Regular Play,Canada,Jacob Shaffelburg,Left Midfield,"[108.6, 25.4]",0.595628,['465f62c7-f81c-4e80-8ef2-98ad8c71a1c9'],3942785,0.032336574,"[120.0, 35.7, 5.6]",cccaa736-9964-49b0-8093-ebd811995af6,Normal,Left Foot,Open Play,Off T,"[{'location': [118.0, 36.5], 'player': {'id': 6909, 'name': 'Damián Emiliano Martínez'}, 'position': {'id': 1, 'name': 'Goalkeeper'}, 'teammate': False}, {'location': [108.7, 47.8], 'player': {'id': 5507, 'name': 'Nicolás Alejandro Tagliafico'}, 'position': {'id': 6, 'name': 'Left Back'}, 'teammate': False}, {'location': [110.4, 42.1], 'player': {'id': 27768, 'name': 'Lisandro Martínez'}, 'position': {'id': 5, 'name': 'Left Center Back'}, 'teammate': False}, {'location': [109.9, 32.9], 'player': {'id': 20572, 'name': 'Cristian Gabriel Romero'}, 'position': {'id': 3, 'name': 'Right Center Back'}, 'teammate': False}, {'location': [109.3, 26.8], 'player': {'id': 28263, 'name': 'Gonzalo Ariel Montiel'}, 'position': {'id': 2, 'name': 'Right Back'}, 'teammate': False}, {'location': [104.6, 34.5], 'player': {'id': 38718, 'name': 'Enzo Fernandez'}, 'position': {'id': 11, 'name': 'Left Defensive Midfield'}, 'teammate': False}, {'location': [93.9, 53.0], 'player': {'id': 29560, 'name': 'Julián Álvarez'}, 'position': {'id': 24, 'name': 'Left Center Forward'}, 'teammate': False}, {'location': [93.0, 47.6], 'player': {'id': 27886, 'name': 'Alexis Mac Allister'}, 'position': {'id': 16, 'name': 'Left Midfield'}, 'teammate': False}, {'location': [95.0, 24.1], 'player': {'id': 2995, 'name': 'Ángel Fabián Di María Hernández'}, 'position': {'id': 12, 'name': 'Right Midfield'}, 'teammate': False}, {'location': [88.3, 33.5], 'player': {'id': 7797, 'name': 'Rodrigo Javier De Paul'}, 'position': {'id': 9, 'name': 'Right Defensive Midfield'}, 'teammate': False}, {'location': [103.2, 33.9], 'player': {'id': 16459, 'name': 'Cyle Larin'}, 'position': {'id': 24, 'name': 'Left Center Forward'}, 'teammate': True}, {'location': [106.2, 52.9], 'player': {'id': 16120, 'name': 'Richie Laryea'}, 'position': {'id': 12, 'name': 'Right Midfield'}, 'teammate': True}, {'location': [111.3, 42.9], 'player': {'id': 23640, 'name': 'Jonathan David'}, 'position': {'id': 22, 'name': 'Right Center Forward'}, 'teammate': True}]",1833,1833,26152,,,,
a3718f4a-062f-4754-b04a-e588e936f34c,323,1,00:06:57.179,6,57,Shot,17,Canada,Regular Play,Canada,Jacob Shaffelburg,Left Midfield,"[106.2, 26.7]",1.150956,['1c2eb2f1-061b-4d45-a617-41220da65180'],3942785,0.07142339,"[120.0, 49.9, 0.2]",a0cd7a31-b776-42f1-9756-e850fc809a3c,Normal,Left Foot,Open Play,Off T,"[{'location': [86.8, 39.8], 'player': {'id': 133229, 'name': 'Ismael Koné'}, 'position': {'id': 9, 'name': 'Right Defensive Midfield'}, 'teammate': True}, {'location': [117.2, 36.6], 'player': {'id': 6909, 'name': 'Damián Emiliano Martínez'}, 'position': {'id': 1, 'name': 'Goalkeeper'}, 'teammate': False}, {'location': [107.4, 42.6], 'player': {'id': 27768, 'name': 'Lisandro Martínez'}, 'position': {'id': 5, 'name': 'Left Center Back'}, 'teammate': False}, {'location': [106.5, 36.4], 'player': {'id': 20572, 'name': 'Cristian Gabriel Romero'}, 'position': {'id': 3, 'name': 'Right Center Back'}, 'teammate': False}, {'location': [107.9, 29.7], 'player': {'id': 28263, 'name': 'Gonzalo Ariel Montiel'}, 'position': {'id': 2, 'name': 'Right Back'}, 'teammate': False}, {'location': [97.1, 42.4], 'player': {'id': 38718, 'name': 'Enzo Fernandez'}, 'position': {'id': 11, 'name': 'Left Defensive Midfield'}, 'teammate': False}, {'location': [100.8, 29.3], 'player': {'id': 7797, 'name': 'Rodrigo Javier De Paul'}, 'position': {'id': 9, 'name': 'Right Defensive Midfield'}, 'teammate': False}, {'location': [88.8, 51.9], 'player': {'id': 5507, 'name': 'Nicolás Alejandro Tagliafico'}, 'position': {'id': 6, 'name': 'Left Back'}, 'teammate': False}, {'location': [100.4, 55.5], 'player': {'id': 16120, 'name': 'Richie Laryea'}, 'position': {'id': 12, 'name': 'Right Midfield'}, 'teammate': True}, {'location': [106.2, 41.0], 'player': {'id': 16459, 'name': 'Cyle Larin'}, 'position': {'id': 24, 'name': 'Left Center Forward'}, 'teammate': True}, {'location': [100.1, 43.1], 'player': {'id': 23640, 'name': 'Jonathan David'}, 'position': {'id': 22, 'name': 'Right Center Forward'}, 'teammate': True}]",1833,1833,26152,,,,
04966b6c-83f6-48a7-8021-a96ae9763c00,501,1,00:11:04.396,11,4,Shot,27,Argentina,Regular Play,Argentina,Lionel Andrés Messi Cuccittini,Right Center Forward,"[100.6, 48.6]",0.840281,['e4fc51e5-00ca-4517-9a5f-a50b8dc5a1fd'],3942785,0.037127987,"[120.0, 45.0, 0.2]",1727a2fd-01da-4e9c-927c-1d898f4fe0fc,Normal,Left Foot,Open Play,Off T,"[{'location': [117.8, 41.2], 'player': {'id': 23758, 'name': 'Maxime Crépeau'}, 'position': {'id': 1, 'name': 'Goalkeeper'}, 'teammate': False}, {'location': [85.5, 62.8], 'player': {'id': 12365, 'name': 'Alphonso Davies'}, 'position': {'id': 6, 'name': 'Left Back'}, 'teammate': False}, {'location': [103.2, 50.1], 'player': {'id': 11187, 'name': 'Stephen Antunes Eustáquio'}, 'position': {'id': 11, 'name': 'Left Defensive Midfield'}, 'teammate': False}, {'location': [103.5, 43.6], 'player': {'id': 133229, 'name': 'Ismael Koné'}, 'position': {'id': 9, 'name': 'Right Defensive Midfield'}, 'teammate': False}, {'location': [106.8, 40.4], 'player': {'id': 44703, 'name': 'Alistair Johnston'}, 'position': {'id': 2, 'name': 'Right Back'}, 'teammate': False}, {'location': [98.1, 37.1], 'player': {'id': 16120, 'name': 'Richie Laryea'}, 'position': {'id': 12, 'name': 'Right Midfield'}, 'teammate': False}, {'location': [103.1, 47.5], 'player': {'id': 383250, 'name': 'Moise Bombito'}, 'position': {'id': 3, 'name': 'Right Center Back'}, 'teammate': False}, {'location': [106.8, 55.6], 'player': {'id': 23760, 'name': 'Derek Cornelius'}, 'position': {'id': 5, 'name': 'Left Center Back'}, 'teammate': False}, {'location': [106.7, 44.4], 'player': {'id': 27886, 'name': 'Alexis Mac Allister'}, 'position': {'id': 16, 'name': 'Left Midfield'}, 'teammate': True}, {'location': [107.9, 57.2], 'player': {'id': 2995, 'name': 'Ángel Fabián Di María Hernández'}, 'position': {'id': 12, 'name': 'Right Midfield'}, 'teammate': True}, {'location': [103.7, 34.7], 'player': {'id': 29560, 'name': 'Julián Álvarez'}, 'position': {'id': 24, 'name': 'Left Center Forward'}, 'teammate': True}]",779,779,5503,,,,
ffdc8b29-2473-4b93-80d7-8faa576dd559,758,1,00:16:34.183,16,34,Shot,40,Canada,Regular Play,Canada,Alphonso Davies,Left Back,"[98.0, 44.3]",0.134993,"['b43cf928-48ba-473d-baa8-2666232e14d5', 'd1f31c9c-3c81-4983-a676-c699989e6ff1']",3942785,0.030869147,"[99.8, 44.0]",a64b5a84-fe61-4945-8177-b60ec0e6cfcb,Normal,Left Foot,Open Play,Blocked,"[{'location': [106.5, 39.5], 'player': {'id': 28263, 'name': 'Gonzalo Ariel Montiel'}, 'position': {'id': 2, 'name': 'Right Back'}, 'teammate': False}, {'location': [117.5, 40.2], 'player': {'id': 6909, 'name': 'Damián Emiliano Martínez'}, 'position': {'id': 1, 'name': 'Goalkeeper'}, 'teammate': False}, {'location': [105.1, 49.4], 'player': {'id': 27886, 'name': 'Alexis Mac Allister'}, 'position': {'id': 16, 'name': 'Left Midfield'}, 'teammate': False}, {'location': [106.9, 43.7], 'player': {'id': 27768, 'name': 'Lisandro Martínez'}, 'position': {'id': 5, 'name': 'Left Center Back'}, 'teammate': False}, {'location': [109.6, 36.8], 'player': {'id': 20572, 'name': 'Cristian Gabriel Romero'}, 'position': {'id': 3, 'name': 'Right Center Back'}, 'teammate': False}, {'location': [102.9, 47.7], 'player': {'id': 5507, 'name': 'Nicolás Alejandro Tagliafico'}, 'position': {'id': 6, 'name': 'Left Back'}, 'teammate': False}, {'location': [99.9, 44.0], 'player': {'id': 38718, 'name': 'Enzo Fernandez'}, 'position': {'id': 11, 'name': 'Left Defensive Midfield'}, 'teammate': False}, {'location': [102.0, 36.9], 'player': {'id': 7797, 'name': 'Rodrigo Javier De Paul'}, 'position': {'id': 9, 'name': 'Right Defensive Midfield'}, 'teammate': False}, {'location': [103.3, 26.3], 'player': {'id': 2995, 'name': 'Ángel Fabián Di María Hernández'}, 'position': {'id': 12, 'name': 'Right Midfield'}, 'teammate': False}, {'location': [86.5, 53.0], 'player': {'id': 29560, 'name': 'Julián Álvarez'}, 'position': {'id': 24, 'name': 'Left Center Forward'}, 'teammate': False}, {'location': [82.7, 57.4], 'player': {'id': 44703, 'name': 'Alistair Johnston'}, 'position': {'id': 2, 'name': 'Right Back'}, 'teammate': True}, {'location': [86.0, 35.5], 'player': {'id': 11187, 'name': 'Stephen Antunes Eustáquio'}, 'position': {'id': 11, 'name': 'Left Defensive Midfield'}, 'teammate': True}, {'location': [80.1, 45.0], 'player': {'id': 133229, 'name': 'Ismael Koné'}, 'position': {'id': 9, 'name': 'Right Defensive Midfield'}, 'teammate': True}, {'location': [105.9, 24.2], 'player': {'id': 26152, 'name': 'Jacob Shaffelburg'}, 'position': {'id': 16, 'name': 'Left Midfield'}, 'teammate': True}, {'location': [107.1, 36.9], 'player': {'id': 16459, 'name': 'Cyle Larin'}, 'position': {'id': 24, 'name': 'Left Center Forward'}, 'teammate': True}, {'location': [108.9, 43.6], 'player': {'id': 16120, 'name': 'Richie Laryea'}, 'position': {'id': 12, 'name': 'Right Midfield'}, 'teammate': True}, {'location': [109.3, 38.2], 'player': {'id': 23640, 'name': 'Jonathan David'}, 'position': {'id': 22, 'name': 'Right Center Forward'}, 'teammate': True}]",1833,1833,12365,,,,
82318f9c-1dcc-45cd-9269-dcdc4d049043,769,1,00:16:42.410,16,42,Shot,41,Argentina,Regular Play,Argentina,Julián Álvarez,Left Center Forward,"[51.6, 51.0]",4.179503,['3f588949-bb11-413a-b08b-79e7cdf38874'],3942785,0.0044208374,"[120.0, 56.1, 1.3]",869b8044-81f1-4cd9-8bd1-aa8a5193a2d9,Lob,Right Foot,Open Play,Off T,"[{'location': [56.8, 63.5], 'player': {'id': 23760, 'name': 'Derek Cornelius'}, 'position': {'id': 5, 'name': 'Left Center Back'}, 'teammate': False}, {'location': [104.3, 42.6], 'player': {'id': 23758, 'name': 'Maxime Crépeau'}, 'position': {'id': 1, 'name': 'Goalkeeper'}, 'teammate': False}, {'location': [66.0, 43.8], 'player': {'id': 383250, 'name': 'Moise Bombito'}, 'position': {'id': 3, 'name': 'Right Center Back'}, 'teammate': False}, {'location': [26.9, 42.8], 'player': {'id': 16459, 'name': 'Cyle Larin'}, 'position': {'id': 24, 'name': 'Left Center Forward'}, 'teammate': False}, {'location': [31.3, 40.9], 'player': {'id': 12365, 'name': 'Alphonso Davies'}, 'position': {'id': 6, 'name': 'Left Back'}, 'teammate': False}, {'location': [35.0, 35.9], 'player': {'id': 23640, 'name': 'Jonathan David'}, 'position': {'id': 22, 'name': 'Right Center Forward'}, 'teammate': False}, {'location': [35.3, 56.8], 'player': {'id': 26152, 'name': 'Jacob Shaffelburg'}, 'position': {'id': 16, 'name': 'Left Midfield'}, 'teammate': False}, {'location': [43.5, 44.3], 'player': {'id': 44703, 'name': 'Alistair Johnston'}, 'position': {'id': 2, 'name': 'Right Back'}, 'teammate': False}, {'location': [51.9, 31.5], 'player': {'id': 16120, 'name': 'Richie Laryea'}, 'position': {'id': 12, 'name': 'Right Midfield'}, 'teammate': False}, {'location': [52.6, 37.4], 'player': {'id': 133229, 'name': 'Ismael Koné'}, 'position': {'id': 9, 'name': 'Right Defensive Midfield'}, 'teammate': False}, {'location': [53.7, 46.6], 'player': {'id': 11187, 'name': 'Stephen Antunes Eustáquio'}, 'position': {'id': 11, 'name': 'Left Defensive Midfield'}, 'teammate': False}, {'location': [26.8, 47.7], 'player': {'id': 28263, 'name': 'Gonzalo Ariel Montiel'}, 'position': {'id': 2, 'name': 'Right Back'}, 'teammate': True}, {'location': [30.9, 45.0], 'player': {'id': 20572, 'name': 'Cristian Gabriel Romero'}, 'position': {'id': 3, 'name': 'Right Center Back'}, 'teammate': True}, {'location': [45.9, 38.9], 'player': {'id': 7797, 'name': 'Rodrigo Javier De Paul'}, 'position': {'id': 9, 'name': 'Right Defensive Midfield'}, 'teammate': True}, {'location': [53.8, 27.3], 'player': {'id': 27886, 'name': 'Alexis Mac Allister'}, 'position': {'id': 16, 'name': 'Left Midfield'}, 'teammate': True}, {'location': [32.5, 37.6], 'player': {'id': 38718, 'name': 'Enzo Fernandez'}, 'position': {'id': 11, 'name': 'Left Defensive Midfield'}, 'teammate': True}, {'location': [35.1, 63.5], 'player': {'id': 2995, 'name': 'Ángel Fabián Di María Hernández'}, 'position': {'id': 12, 'name': 'Right Midfield'}, 'teammate': True}, {'location': [47.3, 70.5], 'player': {'id': 5503, 'name': 'Lionel Andrés Messi Cuccittini'}, 'position': {'id': 22, 'name': 'Right Center Forward'}, 'teammate': True}]",779,779,29560,,,,
0db12638-5028-473f-94ad-51775d585c52,1021,1,00:22:00.812,22,0,Shot,49,Argentina,Regular Play,Argentina,Julián Álvarez,Left Center Forward,"[107.5, 42.5]",0.918331,['b033b316-d44d-44d4-843a-b5439ee61d8c'],3942785,0.5301857,"[120.0, 39.8, 0.5]",86fa324b-e6d2-4718-8fe0-a662917c5d24,Normal,Right Foot,Open Play,Goal,"[{'location': [112.7, 41.1], 'player': {'id': 23758, 'name': 'Maxime Crépeau'}, 'position': {'id': 1, 'name': 'Goalkeeper'}, 'teammate': False}, {'location': [98.8, 52.7], 'player': {'id': 12365, 'name': 'Alphonso Davies'}, 'position': {'id': 6, 'name': 'Left Back'}, 'teammate': False}, {'location': [100.5, 48.2], 'player': {'id': 23760, 'name': 'Derek Cornelius'}, 'position': {'id': 5, 'name': 'Left Center Back'}, 'teammate': False}, {'location': [104.6, 39.2], 'player': {'id': 383250, 'name': 'Moise Bombito'}, 'position': {'id': 3, 'name': 'Right Center Back'}, 'teammate': False}, {'location': [109.2, 35.0], 'player': {'id': 44703, 'name': 'Alistair Johnston'}, 'position': {'id': 2, 'name': 'Right Back'}, 'teammate': False}, {'location': [103.7, 48.4], 'player': {'id': 5503, 'name': 'Lionel Andrés Messi Cuccittini'}, 'position': {'id': 22, 'name': 'Right Center Forward'}, 'teammate': True}, {'location': [93.2, 20.8], 'player': {'id': 27886, 'name': 'Alexis Mac Allister'}, 'position': {'id': 16, 'name': 'Left Midfield'}, 'teammate': True}]",779,779,29560,,,,
b15f8268-ef43-4c6c-97cf-22f0f650eb01,1351,1,00:33:33.050,33,33,Shot,59,Argentina,From Free Kick,Argentina,Ángel Fabián Di María Hernández,Right Midfield,"[100.7, 58.9]",1.770687,"['bda301c1-81f6-4058-a942-4fbd0ea92522', 'd53483ec-ebfb-4886-8f3f-e8d10285b85f']",3942785,0.023008127,"[120.0, 35.5, 3.8]",1b3297e5-1431-493e-b68d-75bd41b96f2e,Lob,Left Foot,Open Play,Off T,"[{'location': [79.7, 54.8], 'player': {'id': 11187, 'name': 'Stephen Antunes Eustáquio'}, 'position': {'id': 11, 'name': 'Left Defensive Midfield'}, 'teammate': False}, {'location': [100.1, 57.2], 'player': {'id': 12365, 'name': 'Alphonso Davies'}, 'position': {'id': 6, 'name': 'Left Back'}, 'teammate': False}, {'location': [95.8, 40.6], 'player': {'id': 383250, 'name': 'Moise Bombito'}, 'position': {'id': 3, 'name': 'Right Center Back'}, 'teammate': False}, {'location': [99.9, 51.4], 'player': {'id': 23760, 'name': 'Derek Cornelius'}, 'position': {'id': 5, 'name': 'Left Center Back'}, 'teammate': False}, {'location': [111.7, 44.5], 'player': {'id': 23758, 'name': 'Maxime Crépeau'}, 'position': {'id': 1, 'name': 'Goalkeeper'}, 'teammate': False}, {'location': [68.6, 57.9], 'player': {'id': 7797, 'name': 'Rodrigo Javier De Paul'}, 'position': {'id': 9, 'name': 'Right Defensive Midfield'}, 'teammate': True}, {'location': [72.3, 52.3], 'player': {'id': 5503, 'name': 'Lionel Andrés Messi Cuccittini'}, 'position': {'id': 22, 'name': 'Right Center Forward'}, 'teammate': True}, {'location': [82.1, 38.7], 'player': {'id': 29560, 'name': 'Julián Álvarez'}, 'position': {'id': 24, 'name': 'Left Center Forward'}, 'teammate': True}, {'location': [69.2, 41.2], 'player': {'id': 133229, 'name': 'Ismael Koné'}, 'position': {'id': 9, 'name': 'Right Defensive Midfield'}, 'teammate': False}, {'location': [78.7, 28.7], 'player': {'id': 44703, 'name': 'Alistair Johnston'}, 'position': {'id': 2, 'name': 'Right Back'}, 'teammate': False}]",779,779,2995,True,True,,
02a16a4e-4fbe-4c76-95ea-cc5c68346e1b,1407,1,00:34:30.589,34,30,Shot,61,Argentina,Regular Play,Argentina,Nicolás Alejandro Tagliafico,Left Back,"[106.0, 26.3]",0.088519,"['3c37baab-b5ff-4ae2-9ba5-025de97d4ab7', 'e4b72f61-30bd-4eec-85d4-f273d663f20e']",3942785,0.074080415,"[107.1, 27.4]",ea81cddc-3845-4fe6-8a16-67bbf57626dc,Normal,Left Foot,Open Play,Blocked,"[{'location': [108.5, 47.8], 'player': {'id': 12365, 'name': 'Alphonso Davies'}, 'position': {'id': 6, 'name': 'Left Back'}, 'teammate': False}, {'location': [103.3, 35.7], 'player': {'id': 383250, 'name': 'Moise Bombito'}, 'position': {'id': 3, 'name': 'Right Center Back'}, 'teammate': False}, {'location': [118.0, 37.7], 'player': {'id': 23758, 'name': 'Maxime Crépeau'}, 'position': {'id': 1, 'name': 'Goalkeeper'}, 'teammate': False}, {'location': [95.3, 55.8], 'player': {'id': 26152, 'name': 'Jacob Shaffelburg'}, 'position': {'id': 16, 'name': 'Left Midfield'}, 'teammate': False}, {'location': [98.3, 37.7], 'player': {'id': 133229, 'name': 'Ismael Koné'}, 'position': {'id': 9, 'name': 'Right Defensive Midfield'}, 'teammate': False}, {'location': [102.7, 44.0], 'player': {'id': 11187, 'name': 'Stephen Antunes Eustáquio'}, 'position': {'id': 11, 'name': 'Left Defensive Midfield'}, 'teammate': False}, {'location': [109.9, 43.0], 'player': {'id': 23760, 'name': 'Derek Cornelius'}, 'position': {'id': 5, 'name': 'Left Center Back'}, 'teammate': False}, {'location': [110.0, 35.3], 'player': {'id': 44703, 'name': 'Alistair Johnston'}, 'position': {'id': 2, 'name': 'Right Back'}, 'teammate': False}, {'location': [106.8, 28.7], 'player': {'id': 16120, 'name': 'Richie Laryea'}, 'position': {'id': 12, 'name': 'Right Midfield'}, 'teammate': False}, {'location': [97.8, 59.1], 'player': {'id': 28263, 'name': 'Gonzalo Ariel Montiel'}, 'position': {'id': 2, 'name': 'Right Back'}, 'teammate': True}, {'location': [102.5, 49.1], 'player': {'id': 7797, 'name': 'Rodrigo Javier De Paul'}, 'position': {'id': 9, 'name': 'Right Defensive Midfield'}, 'teammate': True}, {'location': [102.2, 40.0], 'player': {'id': 5503, 'name': 'Lionel Andrés Messi Cuccittini'}, 'position': {'id': 22, 'name': 'Right Center Forward'}, 'teammate': True}, {'location': [108.7, 51.7], 'player': {'id': 2995, 'name': 'Ángel Fabián Di María Hernández'}, 'position': {'id': 12, 'name': 'Right Midfield'}, 'teammate': True}, {'location': [108.4, 43.6], 'player': {'id': 29560, 'name': 'Julián Álvarez'}, 'position': {'id': 24, 'name': 'Left Center Forward'}, 'teammate': True}]",779,779,5507,,,,
5a95b59e-b261-4d4a-afce-8475215dfb88,1412,1,00:35:16.799,35,16,Shot,62,Argentina,From Corner,Argentina,Lisandro Martínez,Left Center Back,"[110.3, 49.8]",1.183402,['8c9c4348-e696-4da9-985b-befdef68feab'],3942785,0.025852688,"[120.0, 44.6, 4.2]",fbf754b6-56a3-4607-b10e-63e9af78fd77,Normal,Head,Open Play,Off T,"[{'location': [113.8, 47.2], 'player': {'id': 16120, 'name': 'Richie Laryea'}, 'position': {'id': 12, 'name': 'Right Midfield'}, 'teammate': False}, {'location': [114.9, 37.0], 'player': {'id': 28263, 'name': 'Gonzalo Ariel Montiel'}, 'position': {'id': 2, 'name': 'Right Back'}, 'teammate': True}, {'location': [100.5, 55.4], 'player': {'id': 2995, 'name': 'Ángel Fabián Di María Hernández'}, 'position': {'id': 12, 'name': 'Right Midfield'}, 'teammate': True}, {'location': [108.7, 44.4], 'player': {'id': 38718, 'name': 'Enzo Fernandez'}, 'position': {'id': 11, 'name': 'Left Defensive Midfield'}, 'teammate': True}, {'location': [113.2, 47.3], 'player': {'id': 20572, 'name': 'Cristian Gabriel Romero'}, 'position': {'id': 3, 'name': 'Right Center Back'}, 'teammate': True}, {'location': [114.0, 42.4], 'player': {'id': 29560, 'name': 'Julián Álvarez'}, 'position': {'id': 24, 'name': 'Left Center Forward'}, 'teammate': True}, {'location': [111.5, 30.3], 'player': {'id': 27886, 'name': 'Alexis Mac Allister'}, 'position': {'id': 16, 'name': 'Left Midfield'}, 'teammate': True}, {'location': [115.0, 33.0], 'player': {'id': 11187, 'name': 'Stephen Antunes Eustáquio'}, 'position': {'id': 11, 'name': 'Left Defensive Midfield'}, 'teammate': False}, {'location': [116.3, 35.5], 'player': {'id': 16459, 'name': 'Cyle Larin'}, 'position': {'id': 24, 'name': 'Left Center Forward'}, 'teammate': False}, {'location': [118.8, 42.1], 'player': {'id': 23758, 'name': 'Maxime Crépeau'}, 'position': {'id': 1, 'name': 'Goalkeeper'}, 'teammate': False}, {'location': [100.7, 43.9], 'player': {'id': 26152, 'name': 'Jacob Shaffelburg'}, 'position': {'id': 16, 'name': 'Left Midfield'}, 'teammate': False}, {'location': [111.2, 48.5], 'player': {'id': 12365, 'name': 'Alphonso Davies'}, 'position': {'id': 6, 'name': 'Left Back'}, 'teammate': False}, {'location': [110.6, 42.3], 'player': {'id': 23640, 'name': 'Jonathan David'}, 'position': {'id': 22, 'name': 'Right Center Forward'}, 'teammate': False}, {'location': [113.6, 46.4], 'player': {'id': 23760, 'name': 'Derek Cornelius'}, 'position': {'id': 5, 'name': 'Left Center Back'}, 'teammate': False}, {'location': [115.1, 40.5], 'player': {'id': 383250, 'name': 'Moise Bombito'}, 'position': {'id': 3, 'name': 'Right Center Back'}, 'teammate': False}, {'location': [113.5, 36.6], 'player': {'id': 44703, 'name': 'Alistair Johnston'}, 'position': {'id': 2, 'name': 'Right Back'}, 'teammate': False}, {'location': [108.8, 27.9], 'player': {'id': 133229, 'name': 'Ismael Koné'}, 'position': {'id': 9, 'name': 'Right Defensive Midfield'}, 'teammate': False}, {'location': [96.2, 37.1], 'player': {'id': 7797, 'name': 'Rodrigo Javier De Paul'}, 'position': {'id': 9, 'name': 'Right Defensive Midfield'}, 'teammate': True}]",779,779,27768,,,,
c31f0cf6-b589-4d39-ab35-e87353bac493,1845,1,00:43:43.463,43,43,Shot,81,Argentina,Regular Play,Argentina,Lionel Andrés Messi Cuccittini,Right Center Forward,"[105.8, 34.5]",0.576718,['7216a67b-68d1-4aa5-9ffc-c2c1494d2394'],3942785,0.07208383,"[120.0, 34.7, 0.4]",ec07f8e9-aa11-4cd1-aadf-32ad5bf2ab78,Normal,Right Foot,Open Play,Off T,"[{'location': [87.5, 32.6], 'player': {'id': 16120, 'name': 'Richie Laryea'}, 'position': {'id': 12, 'name': 'Right Midfield'}, 'teammate': False}, {'location': [107.6, 47.9], 'player': {'id': 12365, 'name': 'Alphonso Davies'}, 'position': {'id': 6, 'name': 'Left Back'}, 'teammate': False}, {'location': [103.2, 40.8], 'player': {'id': 11187, 'name': 'Stephen Antunes Eustáquio'}, 'position': {'id': 11, 'name': 'Left Defensive Midfield'}, 'teammate': False}, {'location': [103.1, 52.0], 'player': {'id': 23760, 'name': 'Derek Cornelius'}, 'position': {'id': 5, 'name': 'Left Center Back'}, 'teammate': False}, {'location': [103.4, 34.5], 'player': {'id': 133229, 'name': 'Ismael Koné'}, 'position': {'id': 9, 'name': 'Right Defensive Midfield'}, 'teammate': False}, {'location': [107.4, 35.5], 'player': {'id': 383250, 'name': 'Moise Bombito'}, 'position': {'id': 3, 'name': 'Right Center Back'}, 'teammate': False}, {'location': [106.7, 32.3], 'player': {'id': 44703, 'name': 'Alistair Johnston'}, 'position': {'id': 2, 'name': 'Right Back'}, 'teammate': False}, {'location': [116.5, 37.9], 'player': {'id': 23758, 'name': 'Maxime Crépeau'}, 'position': {'id': 1, 'name': 'Goalkeeper'}, 'teammate': False}, {'location': [86.0, 35.9], 'player': {'id': 38718, 'name': 'Enzo Fernandez'}, 'position': {'id': 11, 'name': 'Left Defensive Midfield'}, 'teammate': True}, {'location': [88.0, 49.0], 'player': {'id': 7797, 'name': 'Rodrigo Javier De Paul'}, 'position': {'id': 9, 'name': 'Right Defensive Midfield'}, 'teammate': True}, {'location': [94.9, 55.8], 'player': {'id': 2995, 'name': 'Ángel Fabián Di María Hernández'}, 'position': {'id': 12, 'name': 'Right Midfield'}, 'teammate': True}, {'location': [107.1, 41.4], 'player': {'id': 29560, 'name': 'Julián Álvarez'}, 'position': {'id': 24, 'name': 'Left Center Forward'}, 'teammate': True}]",779,779,5503,,,,
c0d66e05-0850-40a5-bf52-c3f080b15211,1911,1,00:45:42.969,45,42,Shot,84,Argentina,From Free Kick,Argentina,Lionel Andrés Messi Cuccittini,Right Center Forward,"[99.9, 36.1]",1.576463,"['14c0fda5-3e07-4592-abce-286aa48d0cd2', '3590dbd2-739f-4adf-8ce6-b58cd002a63e', '3af5e43c-6423-46a5-b89c-0ebb3e5c8b5b']",3942785,0.051793475,"[120.0, 42.0, 4.7]",e8dd769f-49c2-48c5-9b00-a27cd84e0147,Normal,Left Foot,Open Play,Off T,"[{'location': [107.8, 41.4], 'player': {'id': 28263, 'name': 'Gonzalo Ariel Montiel'}, 'position': {'id': 2, 'name': 'Right Back'}, 'teammate': True}, {'location': [99.5, 33.6], 'player': {'id': 27886, 'name': 'Alexis Mac Allister'}, 'position': {'id': 16, 'name': 'Left Midfield'}, 'teammate': True}, {'location': [88.2, 31.0], 'player': {'id': 5507, 'name': 'Nicolás Alejandro Tagliafico'}, 'position': {'id': 6, 'name': 'Left Back'}, 'teammate': True}, {'location': [102.8, 46.7], 'player': {'id': 7797, 'name': 'Rodrigo Javier De Paul'}, 'position': {'id': 9, 'name': 'Right Defensive Midfield'}, 'teammate': True}, {'location': [103.7, 50.1], 'player': {'id': 2995, 'name': 'Ángel Fabián Di María Hernández'}, 'position': {'id': 12, 'name': 'Right Midfield'}, 'teammate': True}, {'location': [105.6, 35.8], 'player': {'id': 29560, 'name': 'Julián Álvarez'}, 'position': {'id': 24, 'name': 'Left Center Forward'}, 'teammate': True}, {'location': [118.2, 39.6], 'player': {'id': 23758, 'name': 'Maxime Crépeau'}, 'position': {'id': 1, 'name': 'Goalkeeper'}, 'teammate': False}, {'location': [96.5, 56.0], 'player': {'id': 26152, 'name': 'Jacob Shaffelburg'}, 'position': {'id': 16, 'name': 'Left Midfield'}, 'teammate': False}, {'location': [96.6, 33.6], 'player': {'id': 16459, 'name': 'Cyle Larin'}, 'position': {'id': 24, 'name': 'Left Center Forward'}, 'teammate': False}, {'location': [100.2, 38.0], 'player': {'id': 11187, 'name': 'Stephen Antunes Eustáquio'}, 'position': {'id': 11, 'name': 'Left Defensive Midfield'}, 'teammate': False}, {'location': [104.4, 47.8], 'player': {'id': 12365, 'name': 'Alphonso Davies'}, 'position': {'id': 6, 'name': 'Left Back'}, 'teammate': False}, {'location': [103.3, 40.9], 'player': {'id': 383250, 'name': 'Moise Bombito'}, 'position': {'id': 3, 'name': 'Right Center Back'}, 'teammate': False}, {'location': [101.4, 35.6], 'player': {'id': 44703, 'name': 'Alistair Johnston'}, 'position': {'id': 2, 'name': 'Right Back'}, 'teammate': False}, {'location': [103.7, 37.1], 'player': {'id': 23760, 'name': 'Derek Cornelius'}, 'position': {'id': 5, 'name': 'Left Center Back'}, 'teammate': False}, {'location': [106.2, 40.3], 'player': {'id': 133229, 'name': 'Ismael Koné'}, 'position': {'id': 9, 'name': 'Right Defensive Midfield'}, 'teammate': False}, {'location': [105.7, 32.4], 'player': {'id': 16120, 'name': 'Richie Laryea'}, 'position': {'id': 12, 'name': 'Right Midfield'}, 'teammate': False}]",779,779,5503,True,,,
6c9c65fb-f44a-47a6-be8a-b4db1483dfb5,1922,1,00:46:47.923,46,47,Shot,86,Canada,From Throw In,Canada,Jonathan David,Right Center Forward,"[117.9, 46.7]",0.195311,['2b158d0f-c479-4165-b190-d384089598d3'],3942785,0.16585685,"[118.6, 44.8, 1.3]",,Half Volley,Left Foot,Open Play,Saved,"[{'location': [118.8, 44.2], 'player': {'id': 6909, 'name': 'Damián Emiliano Martínez'}, 'position': {'id': 1, 'name': 'Goalkeeper'}, 'teammate': False}, {'location': [115.4, 45.4], 'player': {'id': 38718, 'name': 'Enzo Fernandez'}, 'position': {'id': 11, 'name': 'Left Defensive Midfield'}, 'teammate': False}, {'location': [115.0, 40.6], 'player': {'id': 27768, 'name': 'Lisandro Martínez'}, 'position': {'id': 5, 'name': 'Left Center Back'}, 'teammate': False}, {'location': [115.6, 47.2], 'player': {'id': 20572, 'name': 'Cristian Gabriel Romero'}, 'position': {'id': 3, 'name': 'Right Center Back'}, 'teammate': False}, {'location': [110.2, 54.2], 'player': {'id': 5507, 'name': 'Nicolás Alejandro Tagliafico'}, 'position': {'id': 6, 'name': 'Left Back'}, 'teammate': False}, {'location': [111.9, 57.3], 'player': {'id': 27886, 'name': 'Alexis Mac Allister'}, 'position': {'id': 16, 'name': 'Left Midfield'}, 'teammate': False}, {'location': [105.4, 56.4], 'player': {'id': 29560, 'name': 'Julián Álvarez'}, 'position': {'id': 24, 'name': 'Left Center Forward'}, 'teammate': False}, {'location': [100.5, 50.3], 'player': {'id': 11187, 'name': 'Stephen Antunes Eustáquio'}, 'position': {'id': 11, 'name': 'Left Defensive Midfield'}, 'teammate': True}, {'location': [99.2, 39.4], 'player': {'id': 26152, 'name': 'Jacob Shaffelburg'}, 'position': {'id': 16, 'name': 'Left Midfield'}, 'teammate': True}, {'location': [109.8, 33.5], 'player': {'id': 28263, 'name': 'Gonzalo Ariel Montiel'}, 'position': {'id': 2, 'name': 'Right Back'}, 'teammate': False}, {'location': [103.9, 49.4], 'player': {'id': 7797, 'name': 'Rodrigo Javier De Paul'}, 'position': {'id': 9, 'name': 'Right Defensive Midfield'}, 'teammate': False}, {'location': [96.9, 44.3], 'player': {'id': 2995, 'name': 'Ángel Fabián Di María Hernández'}, 'position': {'id': 12, 'name': 'Right Midfield'}, 'teammate': False}, {'location': [113.7, 41.0], 'player': {'id': 16459, 'name': 'Cyle Larin'}, 'position': {'id': 24, 'name': 'Left Center Forward'}, 'teammate': True}, {'location': [102.4, 57.9], 'player': {'id': 133229, 'name': 'Ismael Koné'}, 'position': {'id': 9, 'name': 'Right Defensive Midfield'}, 'teammate': True}, {'location': [109.6, 52.9], 'player': {'id': 383250, 'name': 'Moise Bombito'}, 'position': {'id': 3, 'name': 'Right Center Back'}, 'teammate': True}, {'location': [110.9, 55.9], 'player': {'id': 23760, 'name': 'Derek Cornelius'}, 'position': {'id': 5, 'name': 'Left Center Back'}, 'teammate': True}]",1833,1833,23640,,True,,
86662251-7f89-4437-a4ca-153fa401cdda,2129,2,00:05:19.916,50,19,Shot,94,Argentina,From Throw In,Argentina,Enzo Fernandez,Left Defensive Midfield,"[103.8, 38.0]",0.547393,"['13e5ef2f-89f9-4e29-ac6b-57fd2ec45c28', '41c2a75e-48a0-46ef-b55c-f87eee061289']",3942785,0.1284656,"[114.6, 41.1]",,Normal,Right Foot,Open Play,Blocked,"[{'location': [118.0, 38.8], 'player': {'id': 23758, 'name': 'Maxime Crépeau'}, 'position': {'id': 1, 'name': 'Goalkeeper'}, 'teammate': False}, {'location': [115.2, 47.8], 'player': {'id': 23760, 'name': 'Derek Cornelius'}, 'position': {'id': 5, 'name': 'Left Center Back'}, 'teammate': False}, {'location': [111.3, 53.2], 'player': {'id': 12365, 'name': 'Alphonso Davies'}, 'position': {'id': 6, 'name': 'Left Back'}, 'teammate': False}, {'location': [112.5, 42.4], 'player': {'id': 383250, 'name': 'Moise Bombito'}, 'position': {'id': 3, 'name': 'Right Center Back'}, 'teammate': False}, {'location': [110.8, 43.6], 'player': {'id': 133229, 'name': 'Ismael Koné'}, 'position': {'id': 9, 'name': 'Right Defensive Midfield'}, 'teammate': False}, {'location': [104.6, 50.8], 'player': {'id': 11187, 'name': 'Stephen Antunes Eustáquio'}, 'position': {'id': 11, 'name': 'Left Defensive Midfield'}, 'teammate': False}, {'location': [106.2, 47.3], 'player': {'id': 23640, 'name': 'Jonathan David'}, 'position': {'id': 22, 'name': 'Right Center Forward'}, 'teammate': False}, {'location': [110.2, 39.5], 'player': {'id': 44703, 'name': 'Alistair Johnston'}, 'position': {'id': 2, 'name': 'Right Back'}, 'teammate': False}, {'location': [112.3, 35.0], 'player': {'id': 16120, 'name': 'Richie Laryea'}, 'position': {'id': 12, 'name': 'Right Midfield'}, 'teammate': False}, {'location': [98.6, 61.5], 'player': {'id': 26152, 'name': 'Jacob Shaffelburg'}, 'position': {'id': 16, 'name': 'Left Midfield'}, 'teammate': False}, {'location': [94.3, 48.6], 'player': {'id': 16459, 'name': 'Cyle Larin'}, 'position': {'id': 24, 'name': 'Left Center Forward'}, 'teammate': False}, {'location': [114.7, 41.5], 'player': {'id': 5503, 'name': 'Lionel Andrés Messi Cuccittini'}, 'position': {'id': 22, 'name': 'Right Center Forward'}, 'teammate': True}, {'location': [112.6, 45.9], 'player': {'id': 27886, 'name': 'Alexis Mac Allister'}, 'position': {'id': 16, 'name': 'Left Midfield'}, 'teammate': True}, {'location': [120.0, 50.7], 'player': {'id': 7797, 'name': 'Rodrigo Javier De Paul'}, 'position': {'id': 9, 'name': 'Right Defensive Midfield'}, 'teammate': True}, {'location': [98.0, 65.8], 'player': {'id': 2995, 'name': 'Ángel Fabián Di María Hernández'}, 'position': {'id': 12, 'name': 'Right Midfield'}, 'teammate': True}, {'location': [110.3, 37.4], 'player': {'id': 29560, 'name': 'Julián Álvarez'}, 'position': {'id': 24, 'name': 'Left Center Forward'}, 'teammate': True}, {'location': [108.3, 34.1], 'player': {'id': 5507, 'name': 'Nicolás Alejandro Tagliafico'}, 'position': {'id': 6, 'name': 'Left Back'}, 'teammate': True}]",779,779,38718,,,,
87b3fbb5-4736-4c7d-84d4-a77d3e1e9f55,2132,2,00:05:20.467,50,20,Shot,94,Argentina,From Throw In,Argentina,Lionel Andrés Messi Cuccittini,Right Center Forward,"[114.9, 41.2]",0.361593,['d3ecfaf4-da21-42d5-a7f2-a3541b0d3c29'],3942785,0.59696823,"[120.0, 41.0, 1.2]",,Volley,Left Foot,Open Play,Goal,"[{'location': [111.8, 44.8], 'player': {'id': 27886, 'name': 'Alexis Mac Allister'}, 'position': {'id': 16, 'name': 'Left Midfield'}, 'teammate': True}, {'location': [98.1, 64.6], 'player': {'id': 2995, 'name': 'Ángel Fabián Di María Hernández'}, 'position': {'id': 12, 'name': 'Right Midfield'}, 'teammate': True}, {'location': [110.3, 35.6], 'player': {'id': 29560, 'name': 'Julián Álvarez'}, 'position': {'id': 24, 'name': 'Left Center Forward'}, 'teammate': True}, {'location': [108.0, 33.8], 'player': {'id': 5507, 'name': 'Nicolás Alejandro Tagliafico'}, 'position': {'id': 6, 'name': 'Left Back'}, 'teammate': True}, {'location': [104.1, 37.5], 'player': {'id': 38718, 'name': 'Enzo Fernandez'}, 'position': {'id': 11, 'name': 'Left Defensive Midfield'}, 'teammate': True}, {'location': [118.2, 39.4], 'player': {'id': 23758, 'name': 'Maxime Crépeau'}, 'position': {'id': 1, 'name': 'Goalkeeper'}, 'teammate': False}, {'location': [111.0, 53.3], 'player': {'id': 12365, 'name': 'Alphonso Davies'}, 'position': {'id': 6, 'name': 'Left Back'}, 'teammate': False}, {'location': [112.6, 47.4], 'player': {'id': 23760, 'name': 'Derek Cornelius'}, 'position': {'id': 5, 'name': 'Left Center Back'}, 'teammate': False}, {'location': [110.8, 43.9], 'player': {'id': 133229, 'name': 'Ismael Koné'}, 'position': {'id': 9, 'name': 'Right Defensive Midfield'}, 'teammate': False}, {'location': [112.5, 40.5], 'player': {'id': 383250, 'name': 'Moise Bombito'}, 'position': {'id': 3, 'name': 'Right Center Back'}, 'teammate': False}, {'location': [112.6, 35.3], 'player': {'id': 16120, 'name': 'Richie Laryea'}, 'position': {'id': 12, 'name': 'Right Midfield'}, 'teammate': False}, {'location': [104.4, 50.2], 'player': {'id': 11187, 'name': 'Stephen Antunes Eustáquio'}, 'position': {'id': 11, 'name': 'Left Defensive Midfield'}, 'teammate': False}, {'location': [105.7, 46.0], 'player': {'id': 23640, 'name': 'Jonathan David'}, 'position': {'id': 22, 'name': 'Right Center Forward'}, 'teammate': False}, {'location': [108.6, 39.4], 'player': {'id': 44703, 'name': 'Alistair Johnston'}, 'position': {'id': 2, 'name': 'Right Back'}, 'teammate': False}, {'location': [97.6, 60.6], 'player': {'id': 26152, 'name': 'Jacob Shaffelburg'}, 'position': {'id': 16, 'name': 'Left Midfield'}, 'teammate': False}, {'location': [94.6, 47.6], 'player': {'id': 16459, 'name': 'Cyle Larin'}, 'position': {'id': 24, 'name': 'Left Center Forward'}, 'teammate': False}, {'location': [120.0, 50.9], 'player': {'id': 7797, 'name': 'Rodrigo Javier De Paul'}, 'position': {'id': 9, 'name': 'Right Defensive Midfield'}, 'teammate': True}]",779,779,5503,,,True,True
a0a15edc-6df2-46e9-8f53-c4d1248b2d6b,2420,2,00:15:15.016,60,15,Shot,105,Argentina,From Free Kick,Argentina,Julián Álvarez,Left Center Forward,"[103.1, 50.0]",0.366413,['1dc7a71c-bbfa-46b1-8e3f-ad53f06bfcf5'],3942785,0.21224818,"[111.9, 44.6, 1.0]",bb17f750-030b-4400-8dc1-a998b67bf75d,Normal,Right Foot,Open Play,Saved,"[{'location': [112.1, 44.4], 'player': {'id': 23758, 'name': 'Maxime Crépeau'}, 'position': {'id': 1, 'name': 'Goalkeeper'}, 'teammate': False}, {'location': [103.6, 44.7], 'player': {'id': 44703, 'name': 'Alistair Johnston'}, 'position': {'id': 2, 'name': 'Right Back'}, 'teammate': False}, {'location': [100.8, 42.6], 'player': {'id': 383250, 'name': 'Moise Bombito'}, 'position': {'id': 3, 'name': 'Right Center Back'}, 'teammate': False}, {'location': [87.6, 58.2], 'player': {'id': 12365, 'name': 'Alphonso Davies'}, 'position': {'id': 6, 'name': 'Left Back'}, 'teammate': False}, {'location': [82.8, 48.8], 'player': {'id': 23760, 'name': 'Derek Cornelius'}, 'position': {'id': 5, 'name': 'Left Center Back'}, 'teammate': False}]",779,779,29560,,,,
1b43fb0d-d4b8-4040-a6fa-521b20fda5f6,2431,2,00:15:34.184,60,34,Shot,107,Canada,From Keeper,Canada,Ismael Koné,Right Defensive Midfield,"[93.1, 44.0]",1.137707,['0626212d-ec99-441d-abca-2a5dbc9d4513'],3942785,0.035827123,"[120.0, 30.7, 6.2]",9b715664-5ac5-4ec5-9212-654f440c34e1,Normal,Left Foot,Open Play,Off T,"[{'location': [117.3, 40.7], 'player': {'id': 6909, 'name': 'Damián Emiliano Martínez'}, 'position': {'id': 1, 'name': 'Goalkeeper'}, 'teammate': False}, {'location': [97.5, 47.6], 'player': {'id': 27886, 'name': 'Alexis Mac Allister'}, 'position': {'id': 16, 'name': 'Left Midfield'}, 'teammate': False}, {'location': [103.5, 54.4], 'player': {'id': 5507, 'name': 'Nicolás Alejandro Tagliafico'}, 'position': {'id': 6, 'name': 'Left Back'}, 'teammate': False}, {'location': [98.3, 39.8], 'player': {'id': 7797, 'name': 'Rodrigo Javier De Paul'}, 'position': {'id': 9, 'name': 'Right Defensive Midfield'}, 'teammate': False}, {'location': [101.8, 46.8], 'player': {'id': 38718, 'name': 'Enzo Fernandez'}, 'position': {'id': 11, 'name': 'Left Defensive Midfield'}, 'teammate': False}, {'location': [98.5, 43.0], 'player': {'id': 27768, 'name': 'Lisandro Martínez'}, 'position': {'id': 5, 'name': 'Left Center Back'}, 'teammate': False}, {'location': [102.6, 38.4], 'player': {'id': 20572, 'name': 'Cristian Gabriel Romero'}, 'position': {'id': 3, 'name': 'Right Center Back'}, 'teammate': False}, {'location': [98.8, 27.9], 'player': {'id': 2995, 'name': 'Ángel Fabián Di María Hernández'}, 'position': {'id': 12, 'name': 'Right Midfield'}, 'teammate': False}, {'location': [102.6, 30.5], 'player': {'id': 28263, 'name': 'Gonzalo Ariel Montiel'}, 'position': {'id': 2, 'name': 'Right Back'}, 'teammate': False}, {'location': [85.5, 48.7], 'player': {'id': 11187, 'name': 'Stephen Antunes Eustáquio'}, 'position': {'id': 11, 'name': 'Left Defensive Midfield'}, 'teammate': True}, {'location': [102.2, 65.2], 'player': {'id': 224628, 'name': 'Ali Ahmed'}, 'position': {'id': 12, 'name': 'Right Midfield'}, 'teammate': True}, {'location': [101.7, 50.4], 'player': {'id': 23640, 'name': 'Jonathan David'}, 'position': {'id': 22, 'name': 'Right Center Forward'}, 'teammate': True}, {'location': [102.7, 35.0], 'player': {'id': 16459, 'name': 'Cyle Larin'}, 'position': {'id': 24, 'name': 'Left Center Forward'}, 'teammate': True}, {'location': [100.2, 19.2], 'player': {'id': 23363, 'name': 'Liam Millar'}, 'position': {'id': 16, 'name': 'Left Midfield'}, 'teammate': True}, {'location': [85.2, 29.5], 'player': {'id': 12365, 'name': 'Alphonso Davies'}, 'position': {'id': 6, 'name': 'Left Back'}, 'teammate': True}]",1833,1833,133229,,,,
61af8516-0d3e-4237-b9fd-d503a437c4ee,2474,2,00:16:41.721,61,41,Shot,111,Canada,Regular Play,Canada,Ismael Koné,Right Defensive Midfield,"[99.5, 42.6]",0.322059,"['3cd79ef3-dc21-46a4-90f1-ad9d5f2e378c', '46fa333e-8e4a-4ac2-aa42-daf69b5afa10']",3942785,0.04368048,"[105.1, 43.5]",754f0e8e-34a9-41cd-aee9-ca8aff89d825,Normal,Right Foot,Open Play,Blocked,"[{'location': [117.0, 40.9], 'player': {'id': 6909, 'name': 'Damián Emiliano Martínez'}, 'position': {'id': 1, 'name': 'Goalkeeper'}, 'teammate': False}, {'location': [100.5, 50.7], 'player': {'id': 7797, 'name': 'Rodrigo Javier De Paul'}, 'position': {'id': 9, 'name': 'Right Defensive Midfield'}, 'teammate': False}, {'location': [93.9, 30.3], 'player': {'id': 2995, 'name': 'Ángel Fabián Di María Hernández'}, 'position': {'id': 12, 'name': 'Right Midfield'}, 'teammate': False}, {'location': [104.9, 55.9], 'player': {'id': 5507, 'name': 'Nicolás Alejandro Tagliafico'}, 'position': {'id': 6, 'name': 'Left Back'}, 'teammate': False}, {'location': [103.2, 47.1], 'player': {'id': 38718, 'name': 'Enzo Fernandez'}, 'position': {'id': 11, 'name': 'Left Defensive Midfield'}, 'teammate': False}, {'location': [101.6, 42.1], 'player': {'id': 28263, 'name': 'Gonzalo Ariel Montiel'}, 'position': {'id': 2, 'name': 'Right Back'}, 'teammate': False}, {'location': [105.2, 44.6], 'player': {'id': 20572, 'name': 'Cristian Gabriel Romero'}, 'position': {'id': 3, 'name': 'Right Center Back'}, 'teammate': False}, {'location': [107.4, 48.8], 'player': {'id': 27768, 'name': 'Lisandro Martínez'}, 'position': {'id': 5, 'name': 'Left Center Back'}, 'teammate': False}, {'location': [102.2, 66.5], 'player': {'id': 224628, 'name': 'Ali Ahmed'}, 'position': {'id': 12, 'name': 'Right Midfield'}, 'teammate': True}, {'location': [98.3, 53.4], 'player': {'id': 23363, 'name': 'Liam Millar'}, 'position': {'id': 16, 'name': 'Left Midfield'}, 'teammate': True}, {'location': [107.7, 54.9], 'player': {'id': 23640, 'name': 'Jonathan David'}, 'position': {'id': 22, 'name': 'Right Center Forward'}, 'teammate': True}, {'location': [105.3, 50.8], 'player': {'id': 16459, 'name': 'Cyle Larin'}, 'position': {'id': 24, 'name': 'Left Center Forward'}, 'teammate': True}, {'location': [86.4, 39.2], 'player': {'id': 11187, 'name': 'Stephen Antunes Eustáquio'}, 'position': {'id': 11, 'name': 'Left Defensive Midfield'}, 'teammate': True}, {'location': [82.2, 27.3], 'player': {'id': 12365, 'name': 'Alphonso Davies'}, 'position': {'id': 6, 'name': 'Left Back'}, 'teammate': True}]",1833,1833,133229,,True,,
eb3439d5-5555-4279-ae21-e7c43a780745,3227,2,00:41:10.785,86,10,Shot,138,Argentina,Regular Play,Canada,Liam Millar,Right Midfield,"[94.8, 46.7]",1.152964,['fbbc146b-f692-4c99-964f-81630c9f4bc7'],3942785,0.03551408,"[120.0, 46.3, 5.5]",,Normal,Right Foot,Open Play,Off T,"[{'location': [89.5, 13.5], 'player': {'id': 224603, 'name': 'Tanitoluwa Oluwaseyi'}, 'position': {'id': 22, 'name': 'Right Center Forward'}, 'teammate': True}, {'location': [75.6, 32.8], 'player': {'id': 5503, 'name': 'Lionel Andrés Messi Cuccittini'}, 'position': {'id': 22, 'name': 'Right Center Forward'}, 'teammate': False}, {'location': [77.7, 17.0], 'player': {'id': 7797, 'name': 'Rodrigo Javier De Paul'}, 'position': {'id': 12, 'name': 'Right Midfield'}, 'teammate': False}, {'location': [97.8, 58.3], 'player': {'id': 27768, 'name': 'Lisandro Martínez'}, 'position': {'id': 6, 'name': 'Left Back'}, 'teammate': False}, {'location': [94.7, 44.9], 'player': {'id': 28268, 'name': 'Exequiel Alejandro Palacios'}, 'position': {'id': 11, 'name': 'Left Defensive Midfield'}, 'teammate': False}, {'location': [101.5, 37.5], 'player': {'id': 38718, 'name': 'Enzo Fernandez'}, 'position': {'id': 9, 'name': 'Right Defensive Midfield'}, 'teammate': False}, {'location': [100.4, 46.9], 'player': {'id': 3090, 'name': 'Nicolás Hernán Otamendi'}, 'position': {'id': 5, 'name': 'Left Center Back'}, 'teammate': False}, {'location': [97.8, 20.7], 'player': {'id': 20572, 'name': 'Cristian Gabriel Romero'}, 'position': {'id': 3, 'name': 'Right Center Back'}, 'teammate': False}, {'location': [117.0, 41.1], 'player': {'id': 6909, 'name': 'Damián Emiliano Martínez'}, 'position': {'id': 1, 'name': 'Goalkeeper'}, 'teammate': False}, {'location': [75.1, 20.1], 'player': {'id': 133229, 'name': 'Ismael Koné'}, 'position': {'id': 9, 'name': 'Right Defensive Midfield'}, 'teammate': True}, {'location': [86.1, 17.9], 'player': {'id': 224628, 'name': 'Ali Ahmed'}, 'position': {'id': 6, 'name': 'Left Back'}, 'teammate': True}, {'location': [97.5, 34.5], 'player': {'id': 16459, 'name': 'Cyle Larin'}, 'position': {'id': 24, 'name': 'Left Center Forward'}, 'teammate': True}, {'location': [86.1, 33.4], 'player': {'id': 12770, 'name': 'Jonathan Osorio'}, 'position': {'id': 16, 'name': 'Left Midfield'}, 'teammate': True}]",779,1833,23363,,,,
06eed674-3934-4a29-a0eb-9861e3e87e4c,3328,2,00:43:38.550,88,38,Shot,143,Canada,Regular Play,Canada,Tanitoluwa Oluwaseyi,Right Center Forward,"[102.6, 35.8]",0.383921,['e36ae22a-be6f-4c68-a04c-2d4d5a30b12b'],3942785,0.1368422,"[114.9, 38.7, 0.2]",d5df01f3-7d98-48c0-85bb-f6e5a6274e2b,Normal,Left Foot,Open Play,Saved,"[{'location': [115.2, 38.4], 'player': {'id': 6909, 'name': 'Damián Emiliano Martínez'}, 'position': {'id': 1, 'name': 'Goalkeeper'}, 'teammate': False}, {'location': [91.4, 64.9], 'player': {'id': 27768, 'name': 'Lisandro Martínez'}, 'position': {'id': 6, 'name': 'Left Back'}, 'teammate': False}, {'location': [88.5, 33.1], 'player': {'id': 29201, 'name': 'Nahuel Molina Lucero'}, 'position': {'id': 2, 'name': 'Right Back'}, 'teammate': False}, {'location': [84.9, 20.3], 'player': {'id': 7797, 'name': 'Rodrigo Javier De Paul'}, 'position': {'id': 12, 'name': 'Right Midfield'}, 'teammate': False}, {'location': [102.9, 40.5], 'player': {'id': 38718, 'name': 'Enzo Fernandez'}, 'position': {'id': 9, 'name': 'Right Defensive Midfield'}, 'teammate': False}, {'location': [105.3, 44.8], 'player': {'id': 3090, 'name': 'Nicolás Hernán Otamendi'}, 'position': {'id': 5, 'name': 'Left Center Back'}, 'teammate': False}, {'location': [105.5, 39.8], 'player': {'id': 28268, 'name': 'Exequiel Alejandro Palacios'}, 'position': {'id': 11, 'name': 'Left Defensive Midfield'}, 'teammate': False}, {'location': [107.3, 38.4], 'player': {'id': 20572, 'name': 'Cristian Gabriel Romero'}, 'position': {'id': 3, 'name': 'Right Center Back'}, 'teammate': False}, {'location': [82.4, 41.3], 'player': {'id': 18639, 'name': 'Mathieu Choiniere'}, 'position': {'id': 11, 'name': 'Left Defensive Midfield'}, 'teammate': True}, {'location': [86.4, 49.9], 'player': {'id': 133229, 'name': 'Ismael Koné'}, 'position': {'id': 9, 'name': 'Right Defensive Midfield'}, 'teammate': True}, {'location': [96.1, 63.7], 'player': {'id': 23363, 'name': 'Liam Millar'}, 'position': {'id': 12, 'name': 'Right Midfield'}, 'teammate': True}, {'location': [97.4, 40.2], 'player': {'id': 383250, 'name': 'Moise Bombito'}, 'position': {'id': 3, 'name': 'Right Center Back'}, 'teammate': True}, {'location': [104.3, 40.6], 'player': {'id': 16459, 'name': 'Cyle Larin'}, 'position': {'id': 24, 'name': 'Left Center Forward'}, 'teammate': True}, {'location': [102.5, 30.9], 'player': {'id': 12770, 'name': 'Jonathan Osorio'}, 'position': {'id': 16, 'name': 'Left Midfield'}, 'teammate': True}]",1833,1833,224603,,True,,
702dd3ba-eac4-42f1-b612-0ecdbf7b6c75,3361,2,00:44:45.894,89,45,Shot,145,Canada,From Throw In,Canada,Tanitoluwa Oluwaseyi,Right Center Forward,"[108.7, 41.9]",0.73257,['91701fe2-69c8-4cc7-b11e-c473b7528d12'],3942785,0.124837294,"[120.0, 45.5, 1.2]",89722ec1-a520-4b67-976c-511585346a48,Normal,Head,Open Play,Off T,"[{'location': [109.5, 47.3], 'player': {'id': 20687, 'name': 'Nicolás Iván González'}, 'position': {'id': 16, 'name': 'Left Midfield'}, 'teammate': False}, {'location': [106.8, 39.2], 'player': {'id': 38718, 'name': 'Enzo Fernandez'}, 'position': {'id': 9, 'name': 'Right Defensive Midfield'}, 'teammate': False}, {'location': [101.5, 23.8], 'player': {'id': 7797, 'name': 'Rodrigo Javier De Paul'}, 'position': {'id': 12, 'name': 'Right Midfield'}, 'teammate': False}, {'location': [113.0, 44.6], 'player': {'id': 27768, 'name': 'Lisandro Martínez'}, 'position': {'id': 6, 'name': 'Left Back'}, 'teammate': False}, {'location': [108.8, 32.8], 'player': {'id': 28268, 'name': 'Exequiel Alejandro Palacios'}, 'position': {'id': 11, 'name': 'Left Defensive Midfield'}, 'teammate': False}, {'location': [111.6, 36.0], 'player': {'id': 3090, 'name': 'Nicolás Hernán Otamendi'}, 'position': {'id': 5, 'name': 'Left Center Back'}, 'teammate': False}, {'location': [106.5, 24.2], 'player': {'id': 29201, 'name': 'Nahuel Molina Lucero'}, 'position': {'id': 2, 'name': 'Right Back'}, 'teammate': False}, {'location': [112.5, 28.6], 'player': {'id': 20572, 'name': 'Cristian Gabriel Romero'}, 'position': {'id': 3, 'name': 'Right Center Back'}, 'teammate': False}, {'location': [113.2, 48.5], 'player': {'id': 23363, 'name': 'Liam Millar'}, 'position': {'id': 12, 'name': 'Right Midfield'}, 'teammate': True}, {'location': [110.0, 34.9], 'player': {'id': 16459, 'name': 'Cyle Larin'}, 'position': {'id': 24, 'name': 'Left Center Forward'}, 'teammate': True}, {'location': [113.3, 21.0], 'player': {'id': 12770, 'name': 'Jonathan Osorio'}, 'position': {'id': 16, 'name': 'Left Midfield'}, 'teammate': True}, {'location': [118.0, 38.6], 'player': {'id': 6909, 'name': 'Damián Emiliano Martínez'}, 'position': {'id': 1, 'name': 'Goalkeeper'}, 'teammate': False}, {'location': [91.2, 45.5], 'player': {'id': 133229, 'name': 'Ismael Koné'}, 'position': {'id': 9, 'name': 'Right Defensive Midfield'}, 'teammate': True}, {'location': [90.7, 26.9], 'player': {'id': 18639, 'name': 'Mathieu Choiniere'}, 'position': {'id': 11, 'name': 'Left Defensive Midfield'}, 'teammate': True}, {'location': [103.3, 30.4], 'player': {'id': 224628, 'name': 'Ali Ahmed'}, 'position': {'id': 6, 'name': 'Left Back'}, 'teammate': True}]",1833,1833,224603,,,,
