Jugador,Posc,Equipo,Edad,Nacimiento,90 s,Gls.,Dis,DaP,% de TT,T/90,TalArc/90,G/T,G/TalArc,Dist,FK,TP,TPint,xG,npxG,npxG/Sh,G-xG,np:G-xG,Partidos
Brenden Aaronson,DL,us United States,23,2000,0.1,0,0,0,0,0.00,0.00,0,0,0,0,0,0,0.0,0.0,0,0.0,0.0,Partidos
Luis Abram,DF,pe Peru,27,1996,0.1,0,0,0,0,0.00,0.00,0,0,0,0,0,0,0.0,0.0,0,0.0,0.0,Partidos
Marcos Acuña,DF,ar Argentina,32,1991,1.1,0,1,0,0.0,0.94,0.00,0.00,0,15.4,0,0,0,0.0,0.0,0.02,0.0,0.0,Partidos
Tyler Adams,CC,us United States,24,1999,2.0,0,0,0,0,0.00,0.00,0,0,0,0,0,0,0.0,0.0,0,0.0,0.0,Partidos
Luis Advíncula,DF,pe Peru,33,1990,0.4,0,0,0,0,0.00,0.00,0,0,0,0,0,0,0.0,0.0,0,0.0,0.0,Partidos
Brandon Aguilera,CC,cr Costa Rica,20,2003,2.0,0,0,0,0,0.00,0.00,0,0,0,0,0,0,0.0,0.0,0,0.0,0.0,Partidos
Ali Ahmed,"DL,DF",ca Canada,23,2000,1.5,0,1,0,0.0,0.69,0.00,0.00,0,16.5,0,0,0,0.0,0.0,0.03,0.0,0.0,Partidos
Josimar Alcocer,"DL,CC",cr Costa Rica,19,2004,1.0,1,1,1,100.0,0.98,0.98,1.00,1.00,31.9,0,0,0,0.0,0.0,0.02,+1.0,+1.0,Partidos
Omar Alderete,DF,py Paraguay,27,1996,3.0,1,3,1,33.3,1.00,0.33,0.33,1.00,30.7,0,0,0,0.1,0.1,0.02,+0.9,+0.9,Partidos
Carmelo Algarañaz,DL,bo Bolivia,28,1996,2.2,0,2,1,50.0,0.92,0.46,0.00,0.00,40.3,0,0,0,0.0,0.0,0.01,0.0,0.0,Partidos
Alisson,PO,br Brazil,31,1992,4.0,0,0,0,0,0.00,0.00,0,0,0,0,0,0,0.0,0.0,0,0.0,0.0,Partidos
Miguel Almirón,DL,py Paraguay,29,1994,2.0,0,1,1,100.0,0.50,0.50,0.00,0.00,29.2,0,0,0,0.0,0.0,0.02,0.0,0.0,Partidos
Roberto Alvarado,DL,mx Mexico,25,1998,0.1,0,0,0,0,0.00,0.00,0,0,0,0,0,0,0.0,0.0,0,0.0,0.0,Partidos
Edson Álvarez,CC,mx Mexico,26,1997,0.3,0,0,0,0,0.00,0.00,0,0,0,0,0,0,0.0,0.0,0,0.0,0.0,Partidos
Julián Álvarez,DL,ar Argentina,24,2000,3.8,2,9,5,55.6,2.34,1.30,0.22,0.40,20.5,0,0,0,2.0,2.0,0.22,0.0,0.0,Partidos
Michael Amir Murillo,DF,pa Panama,27,1996,3.5,1,4,3,75.0,1.14,0.86,0.25,0.33,19.6,1,0,0,0.3,0.3,0.07,+0.7,+0.7,Partidos
Karoy Anderson,CC,jm Jamaica,19,2004,0.3,0,0,0,0,0.00,0.00,0,0,0,0,0,0,0.0,0.0,0,0.0,0.0,Partidos
Kervin Andrade,CC,ve Venezuela,18,2005,0.2,0,0,0,0,0.00,0.00,0,0,0,0,0,0,0.0,0.0,0,0.0,0.0,Partidos
José Andrés Martínez,CC,ve Venezuela,29,1994,4.0,0,4,0,0.0,1.00,0.00,0.00,0,23.4,0,0,0,0.2,0.2,0.04,-0.2,-0.2,Partidos
Wilker Ángel,DF,ve Venezuela,30,1993,1.1,0,0,0,0,0.00,0.00,0,0,0,0,0,0,0.0,0.0,0,0.0,0.0,Partidos
Michail Antonio,DL,jm Jamaica,33,1990,2.6,1,4,1,25.0,1.53,0.38,0.25,1.00,20.8,0,0,0,0.3,0.3,0.09,+0.7,+0.7,Partidos
Uriel Antuna,"DL,CC",mx Mexico,26,1997,1.9,0,2,0,0.0,1.04,0.00,0.00,0,19.3,0,0,0,0.1,0.1,0.03,-0.1,-0.1,Partidos
Jon Aramburu,DF,ve Venezuela,21,2002,2.9,0,1,0,0.0,0.35,0.00,0.00,0,24.8,0,0,0,0.0,0.0,0.02,0.0,0.0,Partidos
Guilherme Arana,DF,br Brazil,26,1997,2.0,0,1,1,100.0,0.50,0.50,0.00,0.00,20.5,0,0,0,0.1,0.1,0.09,-0.1,-0.1,Partidos
Maximiliano Araújo,"DL,DF",uy Uruguay,23,2000,5.0,2,11,7,63.6,2.22,1.41,0.18,0.29,16.1,0,0,0,0.7,0.7,0.07,+1.3,+1.3,Partidos
,,,,,,,,,,,,,,,,,,,,,,,
Miguel Araujo,DF,pe Peru,29,1994,1.6,0,1,1,100.0,0.61,0.61,0.00,0.00,10.8,0,0,0,0.1,0.1,0.06,-0.1,-0.1,Partidos
Ronald Araújo,DF,uy Uruguay,24,1999,2.9,0,3,1,33.3,1.05,0.35,0.00,0.00,20.9,0,0,0,0.1,0.1,0.02,-0.1,-0.1,Partidos
Alex Arce,DL,py Paraguay,28,1995,1.7,0,5,0,0.0,3.00,0.00,0.00,0,31.8,0,0,0,0.2,0.2,0.05,-0.2,-0.2,Partidos
Gabriel Arias,PO,cl Chile,36,1987,1.0,0,0,0,0,0.00,0.00,0,0,0,0,0,0,0.0,0.0,0,0.0,0.0,Partidos
Jhon Arias,CC,co Colombia,26,1997,5.4,0,7,0,0.0,1.30,0.00,0.00,0,23.8,0,0,0,0.2,0.2,0.03,-0.2,-0.2,Partidos
Santiago Arias,DF,co Colombia,32,1992,2.0,0,1,0,0.0,0.49,0.00,0.00,0,17.1,0,0,0,0.0,0.0,0.05,0.0,0.0,Partidos
Gerardo Arteaga,DF,mx Mexico,25,1998,3.0,1,3,2,66.7,1.00,0.67,0.33,0.50,20.3,0,0,0,0.2,0.2,0.05,+0.8,+0.8,Partidos
Yaser Asprilla,DL,co Colombia,20,2003,0.2,0,2,0,0.0,9.47,0.00,0.00,0,25.8,0,0,0,0.1,0.1,0.06,-0.1,-0.1,Partidos
Abdiel Ayarza,CC,pa Panama,31,1992,0.7,0,3,0,0.0,4.29,0.00,0.00,0,22.4,0,0,0,0.1,0.1,0.04,-0.1,-0.1,Partidos
Theo Bair,DL,ca Canada,24,1999,0.2,0,0,0,0,0.00,0.00,0,0,0,0,0,0,0.0,0.0,0,0.0,0.0,Partidos
Fabián Balbuena,DF,py Paraguay,32,1991,3.0,0,4,1,25.0,1.33,0.33,0.00,0.00,8.6,0,0,0,0.3,0.3,0.08,-0.3,-0.3,Partidos
Folarin Balogun,DL,us United States,22,2001,1.9,2,5,2,40.0,2.57,1.03,0.40,1.00,14.9,0,0,0,0.3,0.3,0.07,+1.7,+1.7,Partidos
Adam Bareiro,DL,py Paraguay,27,1996,0.8,0,0,0,0,0.00,0.00,0,0,0,0,0,0,0.0,0.0,0,0.0,0.0,Partidos
Jon Bell,DF,jm Jamaica,26,1997,1.0,0,0,0,0,0.00,0.00,0,0,0,0,0,0,0.0,0.0,0,0.0,0.0,Partidos
Eduard Bello,"DL,CC",ve Venezuela,28,1995,3.2,2,4,3,75.0,1.25,0.94,0.50,0.67,12.5,0,0,0,0.8,0.8,0.20,+1.2,+1.2,Partidos
Rodrigo Bentancur,CC,uy Uruguay,26,1997,1.9,2,2,2,100.0,1.06,1.06,1.00,1.00,4.5,0,0,0,0.5,0.5,0.25,+1.5,+1.5,Partidos
Di'Shon Bernard,DF,jm Jamaica,23,2000,1.2,0,1,0,0.0,0.80,0.00,0.00,0,11.6,0,0,0,0.0,0.0,0.03,0.0,0.0,Partidos
César Blackman,"CC,DF",pa Panama,25,1998,2.2,1,4,1,25.0,1.86,0.46,0.25,1.00,20.6,0,0,0,0.1,0.1,0.03,+0.9,+0.9,Partidos
Damián Bobadilla,"CC,DL",py Paraguay,22,2001,2.2,0,4,3,75.0,1.83,1.37,0.00,0.00,24.7,0,0,0,0.2,0.2,0.04,-0.2,-0.2,Partidos
Marcos Bolados,"DL,CC",cl Chile,27,1996,1.1,0,0,0,0,0.00,0.00,0,0,0,0,0,0,0.0,0.0,0,0.0,0.0,Partidos
Moïse Bombito,DF,ca Canada,23,2000,6.0,0,3,0,0.0,0.50,0.00,0.00,0,10.0,0,0,0,0.1,0.1,0.04,-0.1,-0.1,Partidos
Miguel Borja,DL,co Colombia,31,1993,0.3,1,1,0,0.0,3.21,0.00,0.00,0,27.4,0,1,1,0.9,0.1,0.07,+0.1,-0.1,Partidos
Rafael Borré,DL,co Colombia,28,1995,1.4,0,1,0,0.0,0.70,0.00,0.00,0,8.1,0,0,0,0.4,0.4,0.40,-0.4,-0.4,Partidos
Alejandro Bran,CC,cr Costa Rica,22,2001,0.4,0,1,0,0.0,2.25,0.00,0.00,0,23.0,0,0,0,0.0,0.0,0.01,0.0,0.0,Partidos
Claudio Bravo,PO,cl Chile,40,1983,2.0,0,0,0,0,0.00,0.00,0,0,0,0,0,0,0.0,0.0,0,0.0,0.0,Partidos
,,,,,,,,,,,,,,,,,,,,,,,
Jefferson Brenes,CC,cr Costa Rica,26,1997,1.8,0,1,0,0.0,0.55,0.00,0.00,0,20.0,0,0,0,0.0,0.0,0.03,0.0,0.0,Partidos
Ben Brereton,DL,cl Chile,24,1999,0.5,0,2,0,0.0,4.09,0.00,0.00,0,15.5,0,0,0,0.1,0.1,0.04,-0.1,-0.1,Partidos
Tajon Buchanan,"CC,DL",ca Canada,24,1999,1.1,0,2,1,50.0,1.84,0.92,0.00,0.00,9.0,0,0,0,0.5,0.5,0.27,-0.5,-0.5,Partidos
Hernesto Caballero,CC,py Paraguay,32,1991,1.2,0,0,0,0,0.00,0.00,0,0,0,0,0,0,0.0,0.0,0,0.0,0.0,Partidos
Sebastián Cáceres,DF,uy Uruguay,24,1999,2.9,0,2,0,0.0,0.70,0.00,0.00,0,8.4,0,0,0,0.2,0.2,0.09,-0.2,-0.2,Partidos
Jhonder Cádiz,DL,ve Venezuela,28,1995,0.9,1,3,1,33.3,3.18,1.06,0.33,1.00,18.2,0,0,0,0.2,0.2,0.06,+0.8,+0.8,Partidos
Jordy Caicedo,"DL,CC",ec Ecuador,26,1997,0.2,0,2,0,0.0,9.47,0.00,0.00,0,9.6,0,0,0,0.3,0.3,0.16,-0.3,-0.3,Partidos
Moisés Caicedo,CC,ec Ecuador,22,2001,4.0,0,3,1,33.3,0.75,0.25,0.00,0.00,25.9,2,0,0,0.2,0.2,0.05,-0.2,-0.2,Partidos
Alexander Callens,DF,pe Peru,31,1992,2.9,0,0,0,0,0.00,0.00,0,0,0,0,0,0,0.0,0.0,0,0.0,0.0,Partidos
Francisco Calvo,DF,cr Costa Rica,31,1992,3.0,1,1,1,100.0,0.33,0.33,1.00,1.00,8.0,0,0,0,0.4,0.4,0.38,+0.6,+0.6,Partidos
Joel Campbell,"CC,DL",cr Costa Rica,31,1992,1.5,0,0,0,0,0.00,0.00,0,0,0,0,0,0,0.0,0.0,0,0.0,0.0,Partidos
Agustín Canobbio,CC,uy Uruguay,25,1998,0.0,0,0,0,0,0.00,0.00,0,0,0,0,0,0,0.0,0.0,0,0.0,0.0,Partidos
Valentin Carboni,DL,ar Argentina,18,2005,0.2,0,0,0,0,0.00,0.00,0,0,0,0,0,0,0.0,0.0,0,0.0,0.0,Partidos
Johnny Cardoso,CC,us United States,22,2001,0.8,0,0,0,0,0.00,0.00,0,0,0,0,0,0,0.0,0.0,0,0.0,0.0,Partidos
Roberto Carlos Fernández,"DL,CC",bo Bolivia,24,1999,1.3,0,1,1,100.0,0.76,0.76,0.00,0.00,29.5,0,0,0,0.0,0.0,0.03,0.0,0.0,Partidos
Jorge Carrascal,"CC,DL",co Colombia,25,1998,0.6,0,1,1,100.0,1.76,1.76,0.00,0.00,14.3,0,0,0,0.1,0.1,0.08,-0.1,-0.1,Partidos
Adalberto Carrasquilla,CC,pa Panama,25,1998,1.9,0,2,1,50.0,1.03,0.51,0.00,0.00,28.4,0,0,0,0.0,0.0,0.02,0.0,0.0,Partidos
André Carrillo,CC,pe Peru,32,1991,0.1,0,1,0,0.0,7.50,0.00,0.00,0,31.8,0,0,0,0.0,0.0,0.02,0.0,0.0,Partidos
Wilder Cartagena,CC,pe Peru,29,1994,2.5,0,1,0,0.0,0.40,0.00,0.00,0,29.6,0,0,0,0.0,0.0,0.01,0.0,0.0,Partidos
Cameron Carter-Vickers,DF,us United States,26,1997,0.5,0,0,0,0,0.00,0.00,0,0,0,0,0,0,0.0,0.0,0,0.0,0.0,Partidos
Julio Cascante,DF,cr Costa Rica,30,1993,0.0,0,0,0,0,0.00,0.00,0,0,0,0,0,0,0.0,0.0,0,0.0,0.0,Partidos
Cristian Cásseres Jr.,CC,ve Venezuela,24,2000,1.7,0,2,0,0.0,1.21,0.00,0.00,0,22.4,0,0,0,0.1,0.1,0.03,-0.1,-0.1,Partidos
Kevin Castaño,CC,co Colombia,23,2000,0.9,0,2,1,50.0,2.22,1.11,0.00,0.00,19.3,0,0,0,0.1,0.1,0.07,-0.1,-0.1,Partidos
Jesús Castillo,CC,pe Peru,22,2001,0.5,0,1,0,0.0,2.00,0.00,0.00,0,23.9,0,0,0,0.0,0.0,0.02,0.0,0.0,Partidos
Renaldo Cephas,"CC,DF",jm Jamaica,24,1999,0.7,0,3,0,0.0,4.58,0.00,0.00,0,18.4,0,0,0,0.3,0.3,0.12,-0.3,-0.3,Partidos
,,,,,,,,,,,,,,,,,,,,,,,
Boris Cespedes,CC,bo Bolivia,28,1995,1.7,0,0,0,0,0.00,0.00,0,0,0,0,0,0,0.0,0.0,0,0.0,0.0,Partidos
Lucas Chávez,"DL,CC",bo Bolivia,20,2003,0.4,0,0,0,0,0.00,0.00,0,0,0,0,0,0,0.0,0.0,0,0.0,0.0,Partidos
Luis Chávez,CC,mx Mexico,28,1996,2.9,0,7,3,42.9,2.45,1.05,0.00,0.00,24.1,1,0,0,0.4,0.4,0.06,-0.4,-0.4,Partidos
Mathieu Choiniere,CC,ca Canada,24,1999,1.2,0,0,0,0,0.00,0.00,0,0,0,0,0,0,0.0,0.0,0,0.0,0.0,Partidos
Anthony Contreras,DL,cr Costa Rica,24,2000,0.1,0,0,0,0,0.00,0.00,0,0,0,0,0,0,0.0,0.0,0,0.0,0.0,Partidos
Jhon Córdoba,DL,co Colombia,30,1993,4.6,2,11,3,27.3,2.39,0.65,0.18,0.67,10.5,0,0,0,1.4,1.4,0.13,+0.6,+0.6,Partidos
José Cordoba,DF,pa Panama,22,2001,4.0,0,1,0,0.0,0.25,0.00,0.00,0,14.6,0,0,0,0.0,0.0,0.03,0.0,0.0,Partidos
Derek Cornelius,DF,ca Canada,26,1997,4.8,0,1,0,0.0,0.21,0.00,0.00,0,13.6,0,0,0,0.0,0.0,0.03,0.0,0.0,Partidos
Janner Corozo,DL,ec Ecuador,28,1995,0.0,0,0,0,0,0.00,0.00,0,0,0,0,0,0,0.0,0.0,0,0.0,0.0,Partidos
Jordi Cortizo,DL,mx Mexico,27,1996,0.1,0,0,0,0,0.00,0.00,0,0,0,0,0,0,0.0,0.0,0,0.0,0.0,Partidos
Aldo Corzo,DF,pe Peru,34,1989,1.0,0,0,0,0,0.00,0.00,0,0,0,0,0,0,0.0,0.0,0,0.0,0.0,Partidos
Maxime Crépeau,PO,ca Canada,29,1994,5.0,0,0,0,0,0.00,0.00,0,0,0,0,0,0,0.0,0.0,0,0.0,0.0,Partidos
Andrés Cubas,CC,py Paraguay,27,1996,1.9,0,0,0,0,0.00,0.00,0,0,0,0,0,0,0.0,0.0,0,0.0,0.0,Partidos
Héctor Cuellar,DF,bo Bolivia,23,2000,2.5,0,0,0,0,0.00,0.00,0,0,0,0,0,0,0.0,0.0,0,0.0,0.0,Partidos
Jaume Cuéllar,DL,bo Bolivia,22,2001,0.2,0,0,0,0,0.00,0.00,0,0,0,0,0,0,0.0,0.0,0,0.0,0.0,Partidos
Carlos Cuesta,DF,co Colombia,24,1999,5.3,0,3,1,33.3,0.56,0.19,0.00,0.00,9.2,0,0,0,0.3,0.3,0.09,-0.3,-0.3,Partidos
Christian Cueva,"CC,DL",pe Peru,32,1991,0.3,0,1,1,100.0,3.46,3.46,0.00,0.00,15.3,0,0,0,0.2,0.2,0.24,-0.2,-0.2,Partidos
Danilo,DF,br Brazil,32,1991,4.0,0,1,0,0.0,0.25,0.00,0.00,0,9.5,0,0,0,0.0,0.0,0.05,0.0,0.0,Partidos
Jonathan David,"CC,DL",ca Canada,24,2000,5.0,2,8,3,37.5,1.61,0.61,0.25,0.67,17.6,0,0,0,1.6,1.6,0.20,+0.4,+0.4,Partidos
Alphonso Davies,DF,ca Canada,23,2000,5.1,0,6,0,0.0,1.18,0.00,0.00,0,21.7,2,0,0,0.4,0.4,0.06,-0.4,-0.4,Partidos
Víctor Dávila,DL,cl Chile,26,1997,2.6,0,5,0,0.0,1.96,0.00,0.00,0,16.5,0,0,0,0.3,0.3,0.07,-0.3,-0.3,Partidos
Erick Davis,DF,pa Panama,32,1991,3.9,0,1,0,0.0,0.26,0.00,0.00,0,30.8,1,0,0,0.0,0.0,0.04,0.0,0.0,Partidos
Giorgian De Arrascaeta,"CC,DL",uy Uruguay,29,1994,1.8,0,2,1,50.0,1.10,0.55,0.00,0.00,16.9,0,0,0,0.1,0.1,0.07,-0.1,-0.1,Partidos
Luc De Fougerolles,DF,ca Canada,18,2005,0.7,0,1,0,0.0,1.36,0.00,0.00,0,9.5,0,0,0,0.1,0.1,0.06,-0.1,-0.1,Partidos
Nicolás De La Cruz,CC,uy Uruguay,26,1997,3.9,0,5,2,40.0,1.28,0.51,0.00,0.00,25.4,0,0,0,0.2,0.2,0.03,-0.2,-0.2,Partidos
,,,,,,,,,,,,,,,,,,,,,,,
Rodrigo De Paul,CC,ar Argentina,29,1994,5.3,0,4,0,0.0,0.75,0.00,0.00,0,27.2,0,0,0,0.1,0.1,0.03,-0.1,-0.1,Partidos
Ángel Di María,"CC,DL",ar Argentina,35,1988,3.9,0,6,4,66.7,1.53,1.02,0.00,0.00,19.7,0,0,0,0.4,0.4,0.06,-0.4,-0.4,Partidos
Ismael Díaz,CC,pa Panama,26,1997,0.1,0,0,0,0,0.00,0.00,0,0,0,0,0,0,0.0,0.0,0,0.0,0.0,Partidos
Luis Díaz,DL,co Colombia,27,1997,5.6,2,8,4,50.0,1.42,0.71,0.13,0.25,18.5,0,1,1,1.6,0.8,0.10,+0.4,+0.2,Partidos
Paulo Díaz,DF,cl Chile,29,1994,2.0,0,0,0,0,0.00,0.00,0,0,0,0,0,0,0.0,0.0,0,0.0,0.0,Partidos
Kaheim Dixon,"CC,DL",jm Jamaica,19,2004,0.7,0,2,1,50.0,2.81,1.41,0.00,0.00,18.5,0,0,0,0.1,0.1,0.05,-0.1,-0.1,Partidos
Alexander Domínguez,PO,ec Ecuador,36,1987,4.0,0,0,0,0,0.00,0.00,0,0,0,0,0,0,0.0,0.0,0,0.0,0.0,Partidos
Jhon Durán,DL,co Colombia,20,2003,0.2,0,0,0,0,0.00,0.00,0,0,0,0,0,0,0.0,0.0,0,0.0,0.0,Partidos
Rodrigo Echeverría,CC,cl Chile,28,1995,2.0,0,4,3,75.0,2.03,1.53,0.00,0.00,14.6,0,0,0,0.3,0.3,0.09,-0.3,-0.3,Partidos
Éderson,CC,br Brazil,24,1999,0.2,0,0,0,0,0.00,0.00,0,0,0,0,0,0,0.0,0.0,0,0.0,0.0,Partidos
Jorge Eduardo Sánchez,DF,mx Mexico,26,1997,3.0,0,3,0,0.0,1.00,0.00,0.00,0,17.7,0,0,0,0.1,0.1,0.04,-0.1,-0.1,Partidos
Julio Enciso,"DL,CC",py Paraguay,20,2004,2.8,1,14,5,35.7,5.02,1.79,0.07,0.20,23.6,2,0,0,0.7,0.7,0.05,+0.3,+0.3,Partidos
Endrick,DL,br Brazil,17,2006,1.4,0,2,1,50.0,1.42,0.71,0.00,0.00,23.8,0,0,0,0.1,0.1,0.05,-0.1,-0.1,Partidos
Matías Espinoza,DF,py Paraguay,26,1997,1.8,0,1,1,100.0,0.56,0.56,0.00,0.00,24.8,0,0,0,0.0,0.0,0.04,0.0,0.0,Partidos
Stephen Eustáquio,CC,ca Canada,27,1996,4.8,0,3,2,66.7,0.63,0.42,0.00,0.00,14.3,0,0,0,0.6,0.6,0.20,-0.6,-0.6,Partidos
Evanilson,CC,br Brazil,24,1999,0.0,0,0,0,0,0.00,0.00,0,0,0,0,0,0,0.0,0.0,0,0.0,0.0,Partidos
José Fajardo,"DL,CC",pa Panama,30,1993,3.3,2,8,2,25.0,2.44,0.61,0.25,1.00,16.8,0,0,0,0.9,0.9,0.11,+1.1,+1.1,Partidos
Edgardo Fariña,DF,pa Panama,22,2001,4.0,0,3,1,33.3,0.75,0.25,0.00,0.00,25.9,0,0,0,0.1,0.1,0.03,-0.1,-0.1,Partidos
Enzo Fernández,CC,ar Argentina,23,2001,3.9,0,6,1,16.7,1.54,0.26,0.00,0.00,17.3,0,0,0,0.5,0.5,0.09,-0.5,-0.5,Partidos
Nicolás Fernández,DF,cl Chile,24,1999,0.0,0,0,0,0,0.00,0.00,0,0,0,0,0,0,0.0,0.0,0,0.0,0.0,Partidos
Nahuel Ferraresi,DF,ve Venezuela,25,1998,3.0,0,0,0,0,0.00,0.00,0,0,0,0,0,0,0.0,0.0,0,0.0,0.0,Partidos
Edison Flores,"DL,CC",pe Peru,29,1994,2.1,0,2,0,0.0,0.97,0.00,0.00,0,25.9,0,0,0,0.1,0.1,0.03,-0.1,-0.1,Partidos
Alan Franco,CC,ec Ecuador,25,1998,3.8,0,3,1,33.3,0.78,0.26,0.00,0.00,21.2,0,0,0,0.0,0.0,0.01,0.0,0.0,Partidos
Thomas Galdames,DF,cl Chile,25,1998,0.7,0,0,0,0,0.00,0.00,0,0,0,0,0,0,0.0,0.0,0,0.0,0.0,Partidos
Pedro Gallese,PO,pe Peru,33,1990,3.0,0,0,0,0,0.00,0.00,0,0,0,0,0,0,0.0,0.0,0,0.0,0.0,Partidos
,,,,,,,,,,,,,,,,,,,,,,,
Orlando Galo,CC,cr Costa Rica,23,2000,3.0,0,2,0,0.0,0.67,0.00,0.00,0,27.8,0,0,0,0.1,0.1,0.03,-0.1,-0.1,Partidos
Alejandro Garnacho,DL,ar Argentina,19,2004,0.7,0,2,0,0.0,2.77,0.00,0.00,0,17.1,0,0,0,0.1,0.1,0.05,-0.1,-0.1,Partidos
Néstor Giménez,DF,py Paraguay,26,1997,1.2,0,0,0,0,0.00,0.00,0,0,0,0,0,0,0.0,0.0,0,0.0,0.0,Partidos
Santiago Giménez,DL,mx Mexico,22,2001,2.4,0,8,3,37.5,3.32,1.24,0.00,0.00,11.1,0,0,0,1.3,1.3,0.17,-1.3,-1.3,Partidos
João Gomes,CC,br Brazil,22,2001,3.6,0,1,0,0.0,0.28,0.00,0.00,0,28.4,0,0,0,0.0,0.0,0.04,0.0,0.0,Partidos
Freddy Góndola,CC,pa Panama,28,1995,0.5,0,0,0,0,0.00,0.00,0,0,0,0,0,0,0.0,0.0,0,0.0,0.0,Partidos
Alexander González,DF,ve Venezuela,31,1992,2.0,0,0,0,0,0.00,0.00,0,0,0,0,0,0,0.0,0.0,0,0.0,0.0,Partidos
Derlis González,CC,py Paraguay,29,1994,0.1,0,0,0,0,0.00,0.00,0,0,0,0,0,0,0.0,0.0,0,0.0,0.0,Partidos
Nicolás González,"CC,DL",ar Argentina,25,1998,2.8,0,5,3,60.0,1.76,1.06,0.00,0.00,12.9,0,0,0,0.3,0.3,0.07,-0.3,-0.3,Partidos
Demarai Gray,"CC,DL",jm Jamaica,27,1996,2.2,0,2,0,0.0,0.91,0.00,0.00,0,17.3,0,0,0,0.1,0.1,0.04,-0.1,-0.1,Partidos
Joao Grimaldo,CC,pe Peru,20,2003,0.2,0,0,0,0,0.00,0.00,0,0,0,0,0,0,0.0,0.0,0,0.0,0.0,Partidos
Carlos Gruezo,"CC,DL",ec Ecuador,28,1995,1.4,0,0,0,0,0.00,0.00,0,0,0,0,0,0,0.0,0.0,0,0.0,0.0,Partidos
Eduardo Guerrero,DL,pa Panama,23,2000,1.3,1,3,1,33.3,2.37,0.79,0.33,1.00,15.6,0,0,0,0.2,0.2,0.07,+0.8,+0.8,Partidos
Paolo Guerrero,DL,pe Peru,40,1984,1.1,0,2,2,100.0,1.87,1.87,0.00,0.00,14.8,1,0,0,0.5,0.5,0.24,-0.5,-0.5,Partidos
Bruno Guimarães,CC,br Brazil,26,1997,3.7,0,6,1,16.7,1.63,0.27,0.00,0.00,22.5,0,0,0,0.4,0.4,0.07,-0.4,-0.4,Partidos
Luis Haquín,DF,bo Bolivia,26,1997,3.0,0,1,0,0.0,0.33,0.00,0.00,0,14.4,0,0,0,0.0,0.0,0.02,0.0,0.0,Partidos
Wes Harding,DF,jm Jamaica,27,1996,0.7,0,0,0,0,0.00,0.00,0,0,0,0,0,0,0.0,0.0,0,0.0,0.0,Partidos
Carlos Harvey,DF,pa Panama,23,2000,1.3,0,0,0,0,0.00,0.00,0,0,0,0,0,0,0.0,0.0,0,0.0,0.0,Partidos
Michael Hector,DF,jm Jamaica,31,1992,1.8,0,1,0,0.0,0.57,0.00,0.00,0,24.4,0,0,0,0.0,0.0,0.01,0.0,0.0,Partidos
Yangel Herrera,CC,ve Venezuela,26,1998,3.6,0,7,0,0.0,1.93,0.00,0.00,0,20.5,0,0,0,0.4,0.4,0.06,-0.4,-0.4,Partidos
Piero Hincapié,DF,ec Ecuador,22,2002,4.0,1,2,1,50.0,0.50,0.25,0.50,1.00,47.1,0,0,0,0.0,0.0,0.01,+1.0,+1.0,Partidos
Ethan Horvath,PO,us United States,28,1995,0.5,0,0,0,0,0.00,0.00,0,0,0,0,0,0,0.0,0.0,0,0.0,0.0,Partidos
César Huerta,"DL,CC",mx Mexico,23,2000,0.9,0,4,1,25.0,4.29,1.07,0.00,0.00,14.8,0,0,0,0.2,0.2,0.04,-0.2,-0.2,Partidos
José Hurtado,DF,ec Ecuador,22,2001,0.0,0,0,0,0,0.00,0.00,0,0,0,0,0,0,0.0,0.0,0,0.0,0.0,Partidos
Mauricio Isla,DF,cl Chile,35,1988,3.0,0,0,0,0,0.00,0.00,0,0,0,0,0,0,0.0,0.0,0,0.0,0.0,Partidos
,,,,,,,,,,,,,,,,,,,,,,,
Alistair Johnston,DF,ca Canada,25,1998,5.7,0,1,1,100.0,0.18,0.18,0.00,0.00,15.8,0,0,0,0.0,0.0,0.03,0.0,0.0,Partidos
Julio José González,PO,mx Mexico,32,1991,3.0,0,0,0,0,0.00,0.00,0,0,0,0,0,0,0.0,0.0,0,0.0,0.0,Partidos
Vinicius Júnior,DL,br Brazil,23,2000,2.8,2,4,2,50.0,1.44,0.72,0.50,1.00,14.7,0,0,0,0.7,0.7,0.18,+1.3,+1.3,Partidos
Leonel Justiniano,CC,bo Bolivia,31,1992,0.8,0,0,0,0,0.00,0.00,0,0,0,0,0,0,0.0,0.0,0,0.0,0.0,Partidos
Kaku,"DL,CC",py Paraguay,29,1995,0.4,0,0,0,0,0.00,0.00,0,0,0,0,0,0,0.0,0.0,0,0.0,0.0,Partidos
Richard King,DF,jm Jamaica,22,2001,0.0,0,0,0,0,0.00,0.00,0,0,0,0,0,0,0.0,0.0,0,0.0,0.0,Partidos
Ismaël Koné,CC,ca Canada,21,2002,3.5,1,5,2,40.0,1.41,0.56,0.20,0.50,21.8,0,0,0,0.5,0.5,0.10,+0.5,+0.5,Partidos
Luca de la Torre,CC,us United States,25,1998,0.1,0,0,0,0,0.00,0.00,0,0,0,0,0,0,0.0,0.0,0,0.0,0.0,Partidos
Matías Lacava,CC,ve Venezuela,21,2002,0.1,0,0,0,0,0.00,0.00,0,0,0,0,0,0,0.0,0.0,0,0.0,0.0,Partidos
Gianluca Lapadula,DL,pe Peru,33,1990,2.2,0,8,3,37.5,3.71,1.39,0.00,0.00,27.0,0,0,0,0.5,0.5,0.06,-0.5,-0.5,Partidos
Cyle Larin,DL,ca Canada,28,1995,4.4,0,7,1,14.3,1.59,0.23,0.00,0.00,12.5,0,0,0,1.1,1.1,0.15,-1.1,-1.1,Partidos
Richie Laryea,"DF,DL",ca Canada,29,1995,4.1,0,4,0,0.0,0.98,0.00,0.00,0,19.9,0,0,0,0.2,0.2,0.05,-0.2,-0.2,Partidos
Ariel Lassiter,DF,cr Costa Rica,29,1994,1.5,0,1,0,0.0,0.67,0.00,0.00,0,27.2,0,0,0,0.0,0.0,0.02,0.0,0.0,Partidos
Joël Latibeaudière,"DF,CC",jm Jamaica,24,2000,2.9,0,0,0,0,0.00,0.00,0,0,0,0,0,0,0.0,0.0,0,0.0,0.0,Partidos
Greg Leigh,DF,jm Jamaica,29,1994,2.0,0,0,0,0,0.00,0.00,0,0,0,0,0,0,0.0,0.0,0,0.0,0.0,Partidos
Dexter Lembikisa,DF,jm Jamaica,20,2003,2.0,0,3,3,100.0,1.53,1.53,0.00,0.00,27.0,0,0,0,0.1,0.1,0.02,-0.1,-0.1,Partidos
Kahiser Lenis,CC,pa Panama,23,2000,0.5,0,3,1,33.3,5.74,1.91,0.00,0.00,13.9,0,0,0,0.4,0.4,0.13,-0.4,-0.4,Partidos
Jefferson Lerma,CC,co Colombia,29,1994,4.7,2,8,3,37.5,1.71,0.64,0.25,0.67,23.5,0,0,0,0.4,0.4,0.05,+1.6,+1.6,Partidos
Igor Lichnovsky,DF,cl Chile,29,1994,3.0,0,2,1,50.0,0.67,0.33,0.00,0.00,10.0,0,0,0,0.1,0.1,0.06,-0.1,-0.1,Partidos
Giovani Lo Celso,CC,ar Argentina,27,1996,1.7,0,3,2,66.7,1.78,1.18,0.00,0.00,10.4,0,0,0,0.6,0.6,0.21,-0.6,-0.6,Partidos
Marcos López,DF,pe Peru,24,1999,2.5,0,1,1,100.0,0.41,0.41,0.00,0.00,32.3,0,0,0,0.0,0.0,0.02,0.0,0.0,Partidos
Damion Lowe,"CC,DF",jm Jamaica,30,1993,1.8,0,1,0,0.0,0.57,0.00,0.00,0,13.1,0,0,0,0.0,0.0,0.03,0.0,0.0,Partidos
Jhon Lucumí,DF,co Colombia,25,1998,0.3,0,0,0,0,0.00,0.00,0,0,0,0,0,0,0.0,0.0,0,0.0,0.0,Partidos
José Luis Rodríguez,CC,pa Panama,25,1998,0.9,0,2,1,50.0,2.17,1.08,0.00,0.00,25.7,0,0,0,0.0,0.0,0.02,0.0,0.0,Partidos
Douglas Luiz,CC,br Brazil,25,1998,0.4,0,0,0,0,0.00,0.00,0,0,0,0,0,0,0.0,0.0,0,0.0,0.0,Partidos
,,,,,,,,,,,,,,,,,,,,,,,
Alexis Mac Allister,CC,ar Argentina,25,1998,4.9,0,6,2,33.3,1.22,0.41,0.00,0.00,12.3,0,0,0,0.8,0.8,0.14,-0.8,-0.8,Partidos
Deiver Machado,DF,co Colombia,30,1993,0.5,0,0,0,0,0.00,0.00,0,0,0,0,0,0,0.0,0.0,0,0.0,0.0,Partidos
Darwin Machís,DL,ve Venezuela,30,1993,1.4,0,4,0,0.0,2.90,0.00,0.00,0,24.0,0,0,0,0.2,0.2,0.06,-0.2,-0.2,Partidos
Warren Madrigal,"DL,CC",cr Costa Rica,19,2004,2.1,0,1,0,0.0,0.48,0.00,0.00,0,15.1,0,0,0,0.0,0.0,0.03,0.0,0.0,Partidos
Gabriel Magalhães,DF,br Brazil,26,1997,0.0,0,0,0,0,0.00,0.00,0,0,0,0,0,0,0.0,0.0,0,0.0,0.0,Partidos
Christian Makoun,DF,ve Venezuela,23,2000,0.1,0,0,0,0,0.00,0.00,0,0,0,0,0,0,0.0,0.0,0,0.0,0.0,Partidos
Jesús Manuel Sagredo,DF,bo Bolivia,29,1994,1.0,0,0,0,0,0.00,0.00,0,0,0,0,0,0,0.0,0.0,0,0.0,0.0,Partidos
José María Giménez,DF,uy Uruguay,29,1995,3.4,0,4,0,0.0,1.19,0.00,0.00,0,10.9,0,0,0,0.5,0.5,0.12,-0.5,-0.5,Partidos
Guillermo Maripán,DF,cl Chile,29,1994,1.0,0,0,0,0,0.00,0.00,0,0,0,0,0,0,0.0,0.0,0,0.0,0.0,Partidos
Marquinhos,DF,br Brazil,29,1994,4.0,0,1,0,0.0,0.25,0.00,0.00,0,7.0,0,0,0,0.1,0.1,0.15,-0.1,-0.1,Partidos
Alex Marshall,CC,jm Jamaica,25,1998,0.0,0,1,0,0.0,22.50,0.00,0.00,0,28.4,0,0,0,0.0,0.0,0.01,0.0,0.0,Partidos
Gabriel Martinelli,DL,br Brazil,22,2001,0.1,0,0,0,0,0.00,0.00,0,0,0,0,0,0,0.0,0.0,0,0.0,0.0,Partidos
Guillermo Martínez Ayala,"DL,CC",mx Mexico,28,1995,0.9,0,3,1,33.3,3.51,1.17,0.00,0.00,8.1,0,0,0,0.5,0.5,0.15,-0.5,-0.5,Partidos
Cristian Martínez,CC,pa Panama,26,1997,3.0,0,3,1,33.3,0.99,0.33,0.00,0.00,22.3,0,0,0,0.1,0.1,0.02,-0.1,-0.1,Partidos
Emiliano Martínez,PO,ar Argentina,31,1992,6.3,0,0,0,0,0.00,0.00,0,0,0,0,0,0,0.0,0.0,0,0.0,0.0,Partidos
Lautaro Martínez,DL,ar Argentina,26,1997,2.5,5,11,8,72.7,4.42,3.21,0.45,0.63,13.2,0,0,0,3.3,3.1,0.28,+1.7,+1.9,Partidos
Lisandro Martínez,DF,ar Argentina,26,1998,5.2,1,5,1,20.0,0.96,0.19,0.20,1.00,13.4,0,0,0,0.4,0.4,0.08,+0.6,+0.6,Partidos
Lucas Martínez Quarta,DF,ar Argentina,27,1996,0.1,0,0,0,0,0.00,0.00,0,0,0,0,0,0,0.0,0.0,0,0.0,0.0,Partidos
Weston McKennie,CC,us United States,25,1998,2.9,0,2,0,0.0,0.70,0.00,0.00,0,16.7,0,0,0,0.1,0.1,0.06,-0.1,-0.1,Partidos
Diego Medina,"DL,CC",bo Bolivia,22,2002,0.7,0,0,0,0,0.00,0.00,0,0,0,0,0,0,0.0,0.0,0,0.0,0.0,Partidos
Ángel Mena,"DL,CC",ec Ecuador,36,1988,0.3,0,1,0,0.0,3.46,0.00,0.00,0,32.7,1,0,0,0.0,0.0,0.04,0.0,0.0,Partidos
Cesar Menacho,DL,bo Bolivia,24,1999,0.5,0,0,0,0,0.00,0.00,0,0,0,0,0,0,0.0,0.0,0,0.0,0.0,Partidos
Lionel Messi,DL,ar Argentina,36,1987,4.7,1,13,5,38.5,2.75,1.06,0.08,0.20,18.3,1,0,0,1.9,1.9,0.15,-0.9,-0.9,Partidos
Éder Militão,DF,br Brazil,26,1998,4.0,0,1,0,0.0,0.25,0.00,0.00,0,14.8,0,0,0,0.0,0.0,0.04,0.0,0.0,Partidos
Liam Millar,"DL,CC",ca Canada,24,1999,2.6,0,5,2,40.0,1.92,0.77,0.00,0.00,19.9,0,0,0,0.3,0.3,0.05,-0.3,-0.3,Partidos
,,,,,,,,,,,,,,,,,,,,,,,
Kamal Miller,DF,ca Canada,26,1997,0.5,0,0,0,0,0.00,0.00,0,0,0,0,0,0,0.0,0.0,0,0.0,0.0,Partidos
Roderick Miller,DF,pa Panama,31,1992,2.5,0,3,1,33.3,1.20,0.40,0.00,0.00,10.1,0,0,0,0.2,0.2,0.08,-0.2,-0.2,Partidos
Yerry Mina,DF,co Colombia,29,1994,0.9,0,0,0,0,0.00,0.00,0,0,0,0,0,0,0.0,0.0,0,0.0,0.0,Partidos
Alan Minda,"DL,CC",ec Ecuador,20,2003,0.9,1,1,1,100.0,1.15,1.15,1.00,1.00,10.9,0,0,0,0.5,0.5,0.47,+0.5,+0.5,Partidos
Bruno Miranda,"DL,DF",bo Bolivia,25,1998,1.0,1,1,1,100.0,0.96,0.96,1.00,1.00,12.8,0,0,0,0.3,0.3,0.33,+0.7,+0.7,Partidos
Jeyland Mitchell,DF,cr Costa Rica,19,2004,3.0,0,0,0,0,0.00,0.00,0,0,0,0,0,0,0.0,0.0,0,0.0,0.0,Partidos
Johan Mojica,DF,co Colombia,31,1992,5.8,0,0,0,0,0.00,0.00,0,0,0,0,0,0,0.0,0.0,0,0.0,0.0,Partidos
Nahuel Molina,DF,ar Argentina,25,1998,3.6,0,1,1,100.0,0.27,0.27,0.00,0.00,12.2,0,0,0,0.1,0.1,0.14,-0.1,-0.1,Partidos
César Montes,DF,mx Mexico,26,1997,2.5,0,3,1,33.3,1.20,0.40,0.00,0.00,18.2,0,0,0,0.1,0.1,0.04,-0.1,-0.1,Partidos
Gonzalo Montiel,DF,ar Argentina,27,1997,2.7,0,0,0,0,0.00,0.00,0,0,0,0,0,0,0.0,0.0,0,0.0,0.0,Partidos
Joseph Mora,DF,cr Costa Rica,31,1993,1.5,0,0,0,0,0.00,0.00,0,0,0,0,0,0,0.0,0.0,0,0.0,0.0,Partidos
Rodrigo Morínigo,PO,py Paraguay,25,1998,3.0,0,0,0,0,0.00,0.00,0,0,0,0,0,0,0.0,0.0,0,0.0,0.0,Partidos
Orlando Mosquera,PO,pa Panama,29,1994,4.0,0,0,0,0,0.00,0.00,0,0,0,0,0,0,0.0,0.0,0,0.0,0.0,Partidos
Daniel Muñoz,DF,co Colombia,27,1996,4.3,2,4,2,50.0,0.93,0.47,0.50,1.00,10.9,0,0,0,0.5,0.5,0.12,+1.5,+1.5,Partidos
Yunus Musah,CC,us United States,21,2002,1.3,0,0,0,0,0.00,0.00,0,0,0,0,0,0,0.0,0.0,0,0.0,0.0,Partidos
Nahitan Nández,DF,uy Uruguay,28,1995,4.8,0,1,0,0.0,0.21,0.00,0.00,0,15.2,0,0,0,0.3,0.3,0.32,-0.3,-0.3,Partidos
Miguel Navarro,DF,ve Venezuela,24,1999,3.0,0,1,0,0.0,0.33,0.00,0.00,0,14.8,0,0,0,0.1,0.1,0.05,-0.1,-0.1,Partidos
Shamar Nicholson,"DL,CC",jm Jamaica,26,1997,2.2,0,5,1,20.0,2.30,0.46,0.00,0.00,17.7,1,0,0,0.4,0.4,0.09,-0.4,-0.4,Partidos
Darwin Núñez,DL,uy Uruguay,24,1999,5.2,2,21,5,23.8,4.00,0.95,0.10,0.40,13.8,1,0,0,2.6,2.6,0.12,-0.6,-0.6,Partidos
Marcelino Núñez,CC,cl Chile,23,2000,1.6,0,3,3,100.0,1.87,1.87,0.00,0.00,30.0,1,0,0,0.1,0.1,0.03,-0.1,-0.1,Partidos
Lucas Olaza,DF,uy Uruguay,29,1994,0.4,0,0,0,0,0.00,0.00,0,0,0,0,0,0,0.0,0.0,0,0.0,0.0,Partidos
Cristian Olivera,"DL,DF",uy Uruguay,21,2002,1.6,0,0,0,0,0.00,0.00,0,0,0,0,0,0,0.0,0.0,0,0.0,0.0,Partidos
Mathías Olivera,DF,uy Uruguay,26,1997,4.2,1,4,1,25.0,0.96,0.24,0.25,1.00,9.3,0,0,0,0.9,0.9,0.22,+0.1,+0.1,Partidos
Tani Oluwaseyi,DL,ca Canada,23,2000,1.5,0,9,3,33.3,5.96,1.99,0.00,0.00,11.9,0,0,0,2.3,2.3,0.25,-2.3,-2.3,Partidos
Darío Osorio,DL,cl Chile,20,2004,1.8,0,1,0,0.0,0.55,0.00,0.00,0,23.6,0,0,0,0.0,0.0,0.02,0.0,0.0,Partidos
,,,,,,,,,,,,,,,,,,,,,,,
Jonathan Osorio,CC,ca Canada,31,1992,3.5,0,2,1,50.0,0.57,0.28,0.00,0.00,11.4,0,0,0,0.4,0.4,0.23,-0.4,-0.4,Partidos
Yordan Osorio,DF,ve Venezuela,29,1994,4.0,0,3,1,33.3,0.75,0.25,0.00,0.00,7.9,0,0,0,0.6,0.6,0.19,-0.6,-0.6,Partidos
Nicolás Otamendi,DF,ar Argentina,35,1988,1.6,0,2,0,0.0,1.22,0.00,0.00,0,7.3,0,0,0,0.6,0.6,0.28,-0.6,-0.6,Partidos
Juan Pablo Vargas,DF,cr Costa Rica,28,1995,3.0,0,0,0,0,0.00,0.00,0,0,0,0,0,0,0.0,0.0,0,0.0,0.0,Partidos
Willian Pacho,DF,ec Ecuador,22,2001,4.0,0,0,0,0,0.00,0.00,0,0,0,0,0,0,0.0,0.0,0,0.0,0.0,Partidos
Kendry Páez,"CC,DL",ec Ecuador,16,2007,3.4,1,10,3,30.0,2.94,0.88,0.00,0.00,21.6,1,1,1,1.8,1.0,0.10,-0.8,-1.0,Partidos
Exequiel Palacios,CC,ar Argentina,25,1998,1.1,0,0,0,0,0.00,0.00,0,0,0,0,0,0,0.0,0.0,0,0.0,0.0,Partidos
Kasey Palmer,CC,jm Jamaica,27,1996,3.0,0,2,1,50.0,0.67,0.33,0.00,0.00,21.8,0,0,0,0.2,0.2,0.08,-0.2,-0.2,Partidos
Lucas Paquetá,CC,br Brazil,26,1997,3.3,1,8,0,0.0,2.46,0.00,0.00,0,23.2,0,1,2,2.3,0.7,0.09,-1.3,-0.7,Partidos
Leandro Paredes,CC,ar Argentina,29,1994,2.0,0,3,1,33.3,1.53,0.51,0.00,0.00,50.5,1,0,1,0.9,0.1,0.02,-0.9,-0.1,Partidos
Facundo Pellistri,DL,uy Uruguay,22,2001,5.0,1,3,2,66.7,0.60,0.40,0.33,0.50,8.2,0,0,0,1.2,1.2,0.39,-0.2,-0.2,Partidos
Sergio Peña,CC,pe Peru,28,1995,2.9,0,1,0,0.0,0.35,0.00,0.00,0,33.4,0,0,0,0.0,0.0,0.01,0.0,0.0,Partidos
Ricardo Pepi,DL,us United States,21,2003,1.1,0,7,5,71.4,6.63,4.74,0.00,0.00,10.9,0,0,0,2.3,2.3,0.39,-2.3,-2.3,Partidos
Andreas Pereira,CC,br Brazil,28,1996,0.7,0,1,1,100.0,1.34,1.34,0.00,0.00,25.4,0,0,0,0.1,0.1,0.05,-0.1,-0.1,Partidos
César Pérez,CC,cl Chile,21,2002,0.1,0,1,0,0.0,10.00,0.00,0.00,0,32.4,0,0,0,0.0,0.0,0.01,0.0,0.0,Partidos
Germán Pezzella,DF,ar Argentina,32,1991,0.9,0,1,0,0.0,1.10,0.00,0.00,0,12.9,0,0,0,0.0,0.0,0.03,0.0,0.0,Partidos
Orbelín Pineda,CC,mx Mexico,27,1996,1.6,0,2,0,0.0,1.23,0.00,0.00,0,31.0,0,0,1,0.8,0.0,0.02,-0.8,0.0,Partidos
Ethan Pinnock,DF,jm Jamaica,30,1993,3.0,0,1,0,0.0,0.33,0.00,0.00,0,11.4,0,0,0,0.2,0.2,0.15,-0.2,-0.2,Partidos
Andy Polo,DF,pe Peru,29,1994,1.9,0,0,0,0,0.00,0.00,0,0,0,0,0,0,0.0,0.0,0,0.0,0.0,Partidos
Ángelo Preciado,DF,ec Ecuador,25,1998,4.0,0,5,0,0.0,1.25,0.00,0.00,0,19.8,0,0,0,0.3,0.3,0.05,-0.3,-0.3,Partidos
Erick Pulgar,CC,cl Chile,30,1994,2.3,0,0,0,0,0.00,0.00,0,0,0,0,0,0,0.0,0.0,0,0.0,0.0,Partidos
Christian Pulisic,"DL,CC",us United States,25,1998,3.0,1,7,2,28.6,2.33,0.67,0.14,0.50,19.3,0,0,0,0.5,0.5,0.07,+0.5,+0.5,Partidos
Julián Quiñones,"DL,CC",mx Mexico,26,1997,2.8,0,8,2,25.0,2.86,0.71,0.00,0.00,19.8,0,0,0,0.4,0.4,0.05,-0.4,-0.4,Partidos
Juan Quintero,DL,co Colombia,31,1993,0.5,0,1,0,0.0,1.84,0.00,0.00,0,35.1,0,0,0,0.0,0.0,0.01,0.0,0.0,Partidos
Haxzel Quirós,DF,cr Costa Rica,25,1998,2.0,0,0,0,0,0.00,0.00,0,0,0,0,0,0,0.0,0.0,0,0.0,0.0,Partidos
,,,,,,,,,,,,,,,,,,,,,,,
Piero Quispe,CC,pe Peru,22,2001,1.5,0,1,1,100.0,0.69,0.69,0.00,0.00,12.1,0,0,0,0.3,0.3,0.28,-0.3,-0.3,Partidos
Rodrigo Ramallo,DL,bo Bolivia,33,1990,0.5,0,0,0,0,0.00,0.00,0,0,0,0,0,0,0.0,0.0,0,0.0,0.0,Partidos
Eric Ramírez,DL,ve Venezuela,25,1998,0.2,1,3,2,66.7,15.88,10.59,0.33,0.50,20.2,0,0,0,0.6,0.6,0.20,+0.4,+0.4,Partidos
Iván Ramírez,DF,py Paraguay,29,1994,0.2,0,0,0,0,0.00,0.00,0,0,0,0,0,0,0.0,0.0,0,0.0,0.0,Partidos
Raphinha,DL,br Brazil,27,1996,2.9,1,8,5,62.5,2.78,1.74,0.13,0.20,19.5,3,0,0,1.0,1.0,0.13,0.0,0.0,Partidos
Tim Ream,DF,us United States,36,1987,2.9,0,0,0,0,0.00,0.00,0,0,0,0,0,0,0.0,0.0,0,0.0,0.0,Partidos
Bobby Reid,"CC,DL",jm Jamaica,30,1993,1.9,0,2,1,50.0,1.07,0.53,0.00,0.00,24.5,0,0,0,0.1,0.1,0.05,-0.1,-0.1,Partidos
Israel Reyes,DF,mx Mexico,23,2000,0.5,0,0,0,0,0.00,0.00,0,0,0,0,0,0,0.0,0.0,0,0.0,0.0,Partidos
Bryan Reyna,"CC,DL",pe Peru,25,1998,1.0,0,0,0,0,0.00,0.00,0,0,0,0,0,0,0.0,0.0,0,0.0,0.0,Partidos
Gio Reyna,"CC,DL",us United States,21,2002,2.2,0,1,0,0.0,0.45,0.00,0.00,0,6.0,0,0,0,0.1,0.1,0.10,-0.1,-0.1,Partidos
Chris Richards,DF,us United States,23,2000,3.0,0,2,1,50.0,0.67,0.33,0.00,0.00,9.2,0,0,0,0.3,0.3,0.13,-0.3,-0.3,Partidos
Tomás Rincón,CC,ve Venezuela,36,1988,0.4,0,1,0,0.0,2.73,0.00,0.00,0,23.7,0,0,0,0.1,0.1,0.06,-0.1,-0.1,Partidos
Richard Ríos,CC,co Colombia,23,2000,5.0,1,8,4,50.0,1.61,0.80,0.13,0.25,27.2,0,0,0,0.3,0.3,0.04,+0.7,+0.7,Partidos
José Rivera,"DL,CC",pe Peru,26,1997,0.4,0,0,0,0,0.00,0.00,0,0,0,0,0,0,0.0,0.0,0,0.0,0.0,Partidos
Antonee Robinson,DF,us United States,26,1997,3.0,0,3,1,33.3,1.00,0.33,0.00,0.00,21.8,0,0,0,0.1,0.1,0.02,-0.1,-0.1,Partidos
Yomar Rocha,"CC,DF",bo Bolivia,20,2003,1.5,0,0,0,0,0.00,0.00,0,0,0,0,0,0,0.0,0.0,0,0.0,0.0,Partidos
Sergio Rochet,PO,uy Uruguay,30,1993,6.0,0,0,0,0,0.00,0.00,0,0,0,0,0,0,0.0,0.0,0,0.0,0.0,Partidos
Brian Rodríguez,DL,uy Uruguay,23,2000,0.3,0,1,0,0.0,3.00,0.00,0.00,0,11.2,0,0,0,0.2,0.2,0.19,-0.2,-0.2,Partidos
Charly Rodríguez,CC,mx Mexico,27,1997,0.9,0,2,1,50.0,2.17,1.08,0.00,0.00,12.3,0,0,0,0.4,0.4,0.18,-0.4,-0.4,Partidos
Guido Rodríguez,CC,ar Argentina,29,1994,0.2,0,0,0,0,0.00,0.00,0,0,0,0,0,0,0.0,0.0,0,0.0,0.0,Partidos
James Rodríguez,"DL,CC",co Colombia,32,1991,5.1,1,7,3,42.9,1.36,0.58,0.00,0.00,24.4,3,1,1,1.2,0.4,0.06,-0.2,-0.4,Partidos
Kevin Rodríguez,DL,ec Ecuador,23,2000,2.6,1,5,1,20.0,1.93,0.39,0.20,1.00,17.9,0,0,0,0.2,0.2,0.03,+0.8,+0.8,Partidos
Rodrygo,DL,br Brazil,23,2001,3.6,0,10,2,20.0,2.76,0.55,0.00,0.00,18.0,3,0,0,0.7,0.7,0.07,-0.7,-0.7,Partidos
Andy Rojas,DL,cr Costa Rica,18,2005,0.1,0,0,0,0,0.00,0.00,0,0,0,0,0,0,0.0,0.0,0,0.0,0.0,Partidos
Matías Rojas,DL,py Paraguay,28,1995,0.0,0,1,0,0.0,90.00,0.00,0.00,0,30.5,0,0,0,0.0,0.0,0.01,0.0,0.0,Partidos
,,,,,,,,,,,,,,,,,,,,,,,
Ángel Romero,CC,py Paraguay,31,1992,0.6,0,3,1,33.3,4.82,1.61,0.00,0.00,17.0,1,0,0,0.6,0.6,0.20,-0.6,-0.6,Partidos
Cristian Romero,DF,ar Argentina,25,1998,5.3,0,1,0,0.0,0.19,0.00,0.00,0,6.9,0,0,0,0.1,0.1,0.12,-0.1,-0.1,Partidos
Luis Romo,CC,mx Mexico,28,1995,2.6,0,6,2,33.3,2.30,0.77,0.00,0.00,21.7,0,0,0,0.3,0.3,0.05,-0.3,-0.3,Partidos
Rafael Romo,PO,ve Venezuela,33,1990,4.0,0,0,0,0,0.00,0.00,0,0,0,0,0,0,0.0,0.0,0,0.0,0.0,Partidos
Salomón Rondón,DL,ve Venezuela,34,1989,3.7,3,17,4,23.5,4.58,1.08,0.12,0.50,16.9,0,1,1,2.4,1.7,0.10,+0.6,+0.3,Partidos
Jacen Russell-Rowe,DL,ca Canada,21,2002,0.1,0,0,0,0,0.00,0.00,0,0,0,0,0,0,0.0,0.0,0,0.0,0.0,Partidos
José Sagredo,DF,bo Bolivia,29,1994,3.0,0,0,0,0,0.00,0.00,0,0,0,0,0,0,0.0,0.0,0,0.0,0.0,Partidos
Alexis Sánchez,CC,cl Chile,35,1988,2.7,0,4,1,25.0,1.47,0.37,0.00,0.00,13.2,0,0,0,0.7,0.7,0.16,-0.7,-0.7,Partidos
Davinson Sánchez,DF,co Colombia,27,1996,6.3,1,7,1,14.3,1.11,0.16,0.14,1.00,8.3,0,0,0,1.4,1.4,0.20,-0.4,-0.4,Partidos
Erick Sánchez,CC,mx Mexico,24,1999,0.2,0,1,0,0.0,4.74,0.00,0.00,0,35.9,0,0,0,0.0,0.0,0.02,0.0,0.0,Partidos
Anderson Santamaría,"DF,DL",pe Peru,32,1992,0.3,0,0,0,0,0.00,0.00,0,0,0,0,0,0,0.0,0.0,0,0.0,0.0,Partidos
Josh Sargent,"DL,CC",us United States,23,2000,0.3,0,1,0,0.0,3.75,0.00,0.00,0,10.8,0,0,0,0.0,0.0,0.05,0.0,0.0,Partidos
Jeremy Sarmiento,"DL,CC",ec Ecuador,21,2002,3.3,1,6,2,33.3,1.79,0.60,0.17,0.50,16.9,0,0,0,0.6,0.6,0.11,+0.4,+0.4,Partidos
Fernando Saucedo,CC,bo Bolivia,33,1990,1.1,0,1,1,100.0,0.90,0.90,0.00,0.00,33.8,1,0,0,0.0,0.0,0.03,0.0,0.0,Partidos
Jefferson Savarino,CC,ve Venezuela,27,1996,0.7,0,0,0,0,0.00,0.00,0,0,0,0,0,0,0.0,0.0,0,0.0,0.0,Partidos
Sávio,DL,br Brazil,19,2004,1.3,1,4,1,25.0,3.03,0.76,0.25,1.00,14.0,0,0,0,0.8,0.8,0.19,+0.2,+0.2,Partidos
Joe Scally,DF,us United States,21,2002,2.9,0,1,0,0.0,0.35,0.00,0.00,0,30.3,0,0,0,0.0,0.0,0.01,0.0,0.0,Partidos
Telasco Segovia,CC,ve Venezuela,20,2003,0.8,0,1,0,0.0,1.23,0.00,0.00,0,32.3,0,0,0,0.0,0.0,0.01,0.0,0.0,Partidos
Patrick Sequeira,PO,cr Costa Rica,24,1999,3.0,0,0,0,0,0.00,0.00,0,0,0,0,0,0,0.0,0.0,0,0.0,0.0,Partidos
Jacob Shaffelburg,"DL,CC",ca Canada,24,1999,3.8,1,5,3,60.0,1.30,0.78,0.20,0.33,16.6,0,0,0,0.3,0.3,0.06,+0.7,+0.7,Partidos
Luis Sinisterra,DL,co Colombia,24,1999,0.4,0,0,0,0,0.00,0.00,0,0,0,0,0,0,0.0,0.0,0,0.0,0.0,Partidos
Oliver Sonne,DF,pe Peru,23,2000,1.1,0,0,0,0,0.00,0.00,0,0,0,0,0,0,0.0,0.0,0,0.0,0.0,Partidos
Ramón Sosa,DL,py Paraguay,24,1999,1.5,1,3,2,66.7,2.00,1.33,0.33,0.50,19.5,0,0,0,0.1,0.1,0.05,+0.9,+0.9,Partidos
Yeferson Soteldo,"DL,CC",ve Venezuela,26,1997,3.1,0,4,1,25.0,1.29,0.32,0.00,0.00,20.6,0,0,0,0.1,0.1,0.03,-0.1,-0.1,Partidos
Dayne St. Clair,PO,ca Canada,26,1997,1.0,0,0,0,0,0.00,0.00,0,0,0,0,0,0,0.0,0.0,0,0.0,0.0,Partidos
,,,,,,,,,,,,,,,,,,,,,,,
Luis Suárez,DL,uy Uruguay,37,1987,0.9,1,5,3,60.0,5.70,3.42,0.20,0.33,14.4,0,0,0,0.9,0.9,0.19,+0.1,+0.1,Partidos
Marcelo Suarez,"DF,CC",bo Bolivia,22,2001,1.5,0,0,0,0,0.00,0.00,0,0,0,0,0,0,0.0,0.0,0,0.0,0.0,Partidos
Gabriel Suazo,DF,cl Chile,26,1997,2.3,0,0,0,0,0.00,0.00,0,0,0,0,0,0,0.0,0.0,0,0.0,0.0,Partidos
Nicolás Tagliafico,DF,ar Argentina,31,1992,5.0,0,3,1,33.3,0.60,0.20,0.00,0.00,11.3,0,0,0,0.1,0.1,0.03,-0.1,-0.1,Partidos
Gerald Taylor,DF,cr Costa Rica,22,2001,1.0,0,0,0,0,0.00,0.00,0,0,0,0,0,0,0.0,0.0,0,0.0,0.0,Partidos
Miguel Terceros,"CC,DL",bo Bolivia,19,2004,2.1,0,7,3,42.9,3.28,1.41,0.00,0.00,26.2,0,0,0,0.3,0.3,0.05,-0.3,-0.3,Partidos
Adalid Terrazas,"CC,DL",bo Bolivia,23,2000,0.4,0,0,0,0,0.00,0.00,0,0,0,0,0,0,0.0,0.0,0,0.0,0.0,Partidos
Malik Tillman,CC,us United States,21,2002,0.0,0,1,0,0.0,45.00,0.00,0.00,0,18.2,0,0,0,0.1,0.1,0.09,-0.1,-0.1,Partidos
Félix Torres Caicedo,DF,ec Ecuador,27,1997,4.0,0,5,0,0.0,1.25,0.00,0.00,0,9.5,0,0,0,0.5,0.5,0.10,-0.5,-0.5,Partidos
Matt Turner,PO,us United States,29,1994,2.5,0,0,0,0,0.00,0.00,0,0,0,0,0,0,0.0,0.0,0,0.0,0.0,Partidos
Manfred Ugalde,DL,cr Costa Rica,21,2002,1.2,0,0,0,0,0.00,0.00,0,0,0,0,0,0,0.0,0.0,0,0.0,0.0,Partidos
Manuel Ugarte Ribeiro,CC,uy Uruguay,22,2001,5.5,0,4,0,0.0,0.73,0.00,0.00,0,23.8,0,0,0,0.3,0.3,0.06,-0.3,-0.3,Partidos
Mateus Uribe,CC,co Colombia,32,1991,2.4,0,3,1,33.3,1.23,0.41,0.00,0.00,21.0,0,0,0,0.6,0.6,0.21,-0.6,-0.6,Partidos
Ramiro Vaca,"DL,CC",bo Bolivia,24,1999,1.9,0,1,0,0.0,0.53,0.00,0.00,0,28.6,0,0,0,0.0,0.0,0.02,0.0,0.0,Partidos
Diego Valdés,DL,cl Chile,30,1994,0.5,0,0,0,0,0.00,0.00,0,0,0,0,0,0,0.0,0.0,0,0.0,0.0,Partidos
Enner Valencia,DL,ec Ecuador,34,1989,2.1,0,3,1,33.3,1.42,0.47,0.00,0.00,28.6,1,0,1,0.9,0.1,0.05,-0.9,-0.1,Partidos
Omar Valencia,DF,pa Panama,19,2004,0.1,0,0,0,0,0.00,0.00,0,0,0,0,0,0,0.0,0.0,0,0.0,0.0,Partidos
Federico Valverde,CC,uy Uruguay,25,1998,5.9,1,15,4,26.7,2.55,0.68,0.07,0.25,28.9,2,0,0,0.6,0.6,0.04,+0.4,+0.4,Partidos
Guillermo Varela,DF,uy Uruguay,30,1993,0.5,0,0,0,0,0.00,0.00,0,0,0,0,0,0,0.0,0.0,0,0.0,0.0,Partidos
Camilo Vargas,PO,co Colombia,34,1989,6.3,0,0,0,0,0.00,0.00,0,0,0,0,0,0,0.0,0.0,0,0.0,0.0,Partidos
Eduardo Vargas,DL,cl Chile,34,1989,2.2,0,0,0,0,0.00,0.00,0,0,0,0,0,0,0.0,0.0,0,0.0,0.0,Partidos
Johan Vásquez,DF,mx Mexico,25,1998,3.0,0,5,1,20.0,1.67,0.33,0.00,0.00,27.2,0,0,0,0.2,0.2,0.03,-0.2,-0.2,Partidos
Alexis Vega,"CC,DF",mx Mexico,26,1997,0.3,0,0,0,0,0.00,0.00,0,0,0,0,0,0,0.0,0.0,0,0.0,0.0,Partidos
Gustavo Velásquez,DF,py Paraguay,32,1991,2.8,0,1,0,0.0,0.36,0.00,0.00,0,14.0,0,0,0,0.0,0.0,0.02,0.0,0.0,Partidos
Gabriel Villamíl,CC,bo Bolivia,22,2001,2.7,0,3,0,0.0,1.12,0.00,0.00,0,19.9,0,0,0,0.2,0.2,0.05,-0.2,-0.2,Partidos
,,,,,,,,,,,,,,,,,,,,,,,
Mathías Villasanti,"CC,DL",py Paraguay,27,1997,2.7,0,3,0,0.0,1.12,0.00,0.00,0,13.7,0,0,0,0.6,0.6,0.19,-0.6,-0.6,Partidos
Matías Viña,DF,uy Uruguay,26,1997,3.9,1,2,1,50.0,0.51,0.25,0.50,1.00,13.2,0,0,0,0.1,0.1,0.03,+0.9,+0.9,Partidos
Guillermo Vizcarra,PO,bo Bolivia,30,1993,3.0,0,0,0,0,0.00,0.00,0,0,0,0,0,0,0.0,0.0,0,0.0,0.0,Partidos
Jahmali Waite,PO,jm Jamaica,25,1998,3.0,0,0,0,0,0.00,0.00,0,0,0,0,0,0,0.0,0.0,0,0.0,0.0,Partidos
Timothy Weah,DL,us United States,23,2000,1.1,0,3,1,33.3,2.65,0.88,0.00,0.00,13.9,0,0,0,0.2,0.2,0.07,-0.2,-0.2,Partidos
Jovani Welch,CC,pa Panama,24,1999,2.3,0,3,2,66.7,1.32,0.88,0.00,0.00,33.9,0,0,0,0.1,0.1,0.02,-0.1,-0.1,Partidos
Wendell,DF,br Brazil,30,1993,1.9,0,0,0,0,0.00,0.00,0,0,0,0,0,0,0.0,0.0,0,0.0,0.0,Partidos
Haji Wright,CC,us United States,25,1998,0.1,0,1,1,100.0,7.50,7.50,0.00,0.00,15.5,0,0,0,0.1,0.1,0.08,-0.1,-0.1,Partidos
César Yanis,CC,pa Panama,28,1996,0.0,1,1,1,100.0,90.00,90.00,1.00,1.00,15.2,0,0,0,0.1,0.1,0.10,+0.9,+0.9,Partidos
John Yeboah,DL,ec Ecuador,23,2000,1.2,0,3,1,33.3,2.48,0.83,0.00,0.00,18.3,0,0,0,0.2,0.2,0.05,-0.2,-0.2,Partidos
Édgar Yoel Bárcenas,CC,pa Panama,30,1993,4.0,0,6,0,0.0,1.51,0.00,0.00,0,21.3,1,0,0,0.4,0.4,0.06,-0.4,-0.4,Partidos
Carlos Zambrano,DF,pe Peru,34,1989,2.9,0,1,0,0.0,0.35,0.00,0.00,0,13.2,0,0,0,0.0,0.0,0.02,0.0,0.0,Partidos
Álvaro Zamora,"DL,CC",cr Costa Rica,21,2002,1.7,0,1,0,0.0,0.57,0.00,0.00,0,31.5,0,0,0,0.0,0.0,0.03,0.0,0.0,Partidos
Franco Zanelatto,CC,pe Peru,23,2000,0.3,0,1,0,0.0,3.21,0.00,0.00,0,10.8,0,0,0,0.1,0.1,0.05,-0.1,-0.1,Partidos
