Jugador,Posc,Equipo,Edad,Nacimiento,PJ,Titular,Mín,90 s,Gls.,Ass,G+A,G-TP,TP,TPint,TA,TR,xG,npxG,xAG,npxG+xAG,PrgC,PrgP,PrgR,Gls.,Ast,G+A,G-TP,G+A-TP,xG,xAG,xG+xAG,npxG,npxG+xAG,Partidos
Brenden Aaronson,DL,us United States,23,2000,1,0,5,0.1,0,0,0,0,0,0,0,0,0.0,0.0,0.0,0.0,0,0,1,0.00,0.00,0.00,0.00,0.00,0.00,0.00,0.00,0.00,0.00,Partidos
Luis Abram,DF,pe Peru,27,1996,1,0,7,0.1,0,0,0,0,0,0,0,0,0.0,0.0,0.0,0.0,0,0,0,0.00,0.00,0.00,0.00,0.00,0.00,0.00,0.00,0.00,0.00,Partidos
Marcos Acuña,DF,ar Argentina,32,1991,2,1,96,1.1,0,0,0,0,0,0,0,0,0.0,0.0,0.0,0.0,4,1,7,0.00,0.00,0.00,0.00,0.00,0.02,0.00,0.02,0.02,0.02,Partidos
Tyler Adams,CC,us United States,24,1999,3,3,180,2.0,0,0,0,0,0,0,1,0,0.0,0.0,0.0,0.0,2,11,1,0.00,0.00,0.00,0.00,0.00,0.00,0.00,0.00,0.00,0.00,Partidos
Luis Advíncula,DF,pe Peru,33,1990,1,1,34,0.4,0,0,0,0,0,0,0,0,0.0,0.0,0.0,0.0,0,0,1,0.00,0.00,0.00,0.00,0.00,0.00,0.00,0.00,0.00,0.00,Partidos
Brandon Aguilera,CC,cr Costa Rica,20,2003,3,2,177,2.0,0,0,0,0,0,0,0,0,0.0,0.0,0.0,0.0,0,5,2,0.00,0.00,0.00,0.00,0.00,0.00,0.00,0.00,0.00,0.00,Partidos
Ali Ahmed,"DL,DF",ca Canada,23,2000,3,1,131,1.5,0,0,0,0,0,0,0,0,0.0,0.0,1.0,1.0,4,10,14,0.00,0.00,0.00,0.00,0.00,0.02,0.69,0.71,0.02,0.71,Partidos
Josimar Alcocer,"DL,CC",cr Costa Rica,19,2004,2,1,92,1.0,1,0,1,1,0,0,1,0,0.0,0.0,0.0,0.0,1,1,1,0.98,0.00,0.98,0.98,0.98,0.02,0.00,0.02,0.02,0.02,Partidos
Omar Alderete,DF,py Paraguay,27,1996,3,3,270,3.0,1,0,1,1,0,0,1,0,0.1,0.1,0.2,0.2,6,16,0,0.33,0.00,0.33,0.33,0.33,0.02,0.06,0.08,0.02,0.08,Partidos
Carmelo Algarañaz,DL,bo Bolivia,28,1996,3,2,195,2.2,0,0,0,0,0,0,0,0,0.0,0.0,0.0,0.1,0,0,5,0.00,0.00,0.00,0.00,0.00,0.01,0.02,0.03,0.01,0.03,Partidos
Alisson,PO,br Brazil,31,1992,4,4,360,4.0,0,0,0,0,0,0,0,0,0.0,0.0,0.0,0.0,0,0,0,0.00,0.00,0.00,0.00,0.00,0.00,0.00,0.00,0.00,0.00,Partidos
Miguel Almirón,DL,py Paraguay,29,1994,3,3,180,2.0,0,0,0,0,0,0,1,0,0.0,0.0,0.1,0.1,3,5,4,0.00,0.00,0.00,0.00,0.00,0.01,0.05,0.06,0.01,0.06,Partidos
Roberto Alvarado,DL,mx Mexico,25,1998,1,0,13,0.1,0,0,0,0,0,0,0,0,0.0,0.0,0.0,0.0,0,0,0,0.00,0.00,0.00,0.00,0.00,0.00,0.00,0.00,0.00,0.00,Partidos
Edson Álvarez,CC,mx Mexico,26,1997,1,1,29,0.3,0,0,0,0,0,0,0,0,0.0,0.0,0.0,0.0,0,3,0,0.00,0.00,0.00,0.00,0.00,0.00,0.00,0.00,0.00,0.00,Partidos
Julián Álvarez,DL,ar Argentina,24,2000,5,4,346,3.8,2,0,2,2,0,0,0,0,2.0,2.0,0.0,2.0,2,6,15,0.52,0.00,0.52,0.52,0.52,0.52,0.00,0.52,0.52,0.52,Partidos
Michael Amir Murillo,DF,pa Panama,27,1996,4,4,315,3.5,1,0,1,1,0,0,1,0,0.3,0.3,0.0,0.3,5,15,18,0.29,0.00,0.29,0.29,0.29,0.08,0.01,0.09,0.08,0.09,Partidos
Karoy Anderson,CC,jm Jamaica,19,2004,2,0,31,0.3,0,0,0,0,0,0,1,0,0.0,0.0,0.0,0.0,0,2,1,0.00,0.00,0.00,0.00,0.00,0.00,0.06,0.06,0.00,0.06,Partidos
Kervin Andrade,CC,ve Venezuela,18,2005,1,0,17,0.2,0,1,1,0,0,0,0,0,0.0,0.0,0.5,0.5,1,2,0,0.00,5.29,5.29,0.00,5.29,0.00,2.84,2.84,0.00,2.84,Partidos
José Andrés Martínez,CC,ve Venezuela,29,1994,4,4,359,4.0,0,0,0,0,0,0,0,0,0.2,0.2,0.1,0.2,2,23,3,0.00,0.00,0.00,0.00,0.00,0.04,0.01,0.06,0.04,0.06,Partidos
Wilker Ángel,DF,ve Venezuela,30,1993,3,1,100,1.1,0,0,0,0,0,0,0,0,0.0,0.0,0.0,0.0,0,3,0,0.00,0.00,0.00,0.00,0.00,0.00,0.00,0.00,0.00,0.00,Partidos
Michail Antonio,DL,jm Jamaica,33,1990,3,3,235,2.6,1,0,1,1,0,0,0,0,0.3,0.3,0.1,0.5,6,3,6,0.38,0.00,0.38,0.38,0.38,0.13,0.04,0.17,0.13,0.17,Partidos
Uriel Antuna,"DL,CC",mx Mexico,26,1997,3,2,173,1.9,0,0,0,0,0,0,1,0,0.1,0.1,0.1,0.2,4,8,24,0.00,0.00,0.00,0.00,0.00,0.03,0.07,0.10,0.03,0.10,Partidos
Jon Aramburu,DF,ve Venezuela,21,2002,3,3,260,2.9,0,2,2,0,0,0,1,0,0.0,0.0,0.5,0.5,4,11,6,0.00,0.69,0.69,0.00,0.69,0.01,0.18,0.19,0.01,0.19,Partidos
Guilherme Arana,DF,br Brazil,26,1997,2,2,180,2.0,0,0,0,0,0,0,0,0,0.1,0.1,0.0,0.1,2,11,15,0.00,0.00,0.00,0.00,0.00,0.05,0.00,0.05,0.05,0.05,Partidos
Maximiliano Araújo,"DL,DF",uy Uruguay,23,2000,6,6,446,5.0,2,1,3,2,0,0,0,0,0.7,0.7,0.6,1.4,11,12,41,0.40,0.20,0.61,0.40,0.61,0.15,0.13,0.28,0.15,0.28,Partidos
,,,,,,,,,,,,,,,,,,,,,,,,,,,,,,,,,,
Miguel Araujo,DF,pe Peru,29,1994,2,2,148,1.6,0,0,0,0,0,0,0,1,0.1,0.1,0.0,0.1,0,2,0,0.00,0.00,0.00,0.00,0.00,0.04,0.00,0.04,0.04,0.04,Partidos
Ronald Araújo,DF,uy Uruguay,24,1999,4,4,257,2.9,0,1,1,0,0,0,0,0,0.1,0.1,0.9,1.0,3,14,0,0.00,0.35,0.35,0.00,0.35,0.02,0.32,0.35,0.02,0.35,Partidos
Alex Arce,DL,py Paraguay,28,1995,2,2,150,1.7,0,0,0,0,0,0,0,0,0.2,0.2,0.0,0.3,1,2,5,0.00,0.00,0.00,0.00,0.00,0.15,0.01,0.16,0.15,0.16,Partidos
Gabriel Arias,PO,cl Chile,36,1987,1,1,90,1.0,0,0,0,0,0,0,0,0,0.0,0.0,0.0,0.0,0,0,0,0.00,0.00,0.00,0.00,0.00,0.00,0.00,0.00,0.00,0.00,Partidos
Jhon Arias,CC,co Colombia,26,1997,6,6,483,5.4,0,1,1,0,0,0,0,0,0.2,0.2,0.1,0.2,8,17,20,0.00,0.19,0.19,0.00,0.19,0.03,0.01,0.05,0.03,0.05,Partidos
Santiago Arias,DF,co Colombia,32,1992,3,1,183,2.0,0,0,0,0,0,0,0,0,0.0,0.0,0.1,0.2,0,4,5,0.00,0.00,0.00,0.00,0.00,0.03,0.06,0.09,0.03,0.09,Partidos
Gerardo Arteaga,DF,mx Mexico,25,1998,3,3,269,3.0,1,0,1,1,0,0,0,0,0.2,0.2,0.0,0.2,3,20,9,0.33,0.00,0.33,0.33,0.33,0.05,0.00,0.05,0.05,0.05,Partidos
Yaser Asprilla,DL,co Colombia,20,2003,1,0,19,0.2,0,0,0,0,0,0,0,0,0.1,0.1,0.0,0.1,1,1,5,0.00,0.00,0.00,0.00,0.00,0.54,0.16,0.70,0.54,0.70,Partidos
Abdiel Ayarza,CC,pa Panama,31,1992,4,0,63,0.7,0,1,1,0,0,0,0,0,0.1,0.1,0.2,0.4,0,0,2,0.00,1.43,1.43,0.00,1.43,0.18,0.33,0.51,0.18,0.51,Partidos
Theo Bair,DL,ca Canada,24,1999,1,0,14,0.2,0,0,0,0,0,0,0,0,0.0,0.0,0.0,0.0,1,0,0,0.00,0.00,0.00,0.00,0.00,0.00,0.00,0.00,0.00,0.00,Partidos
Fabián Balbuena,DF,py Paraguay,32,1991,3,3,270,3.0,0,0,0,0,0,0,1,0,0.3,0.3,0.4,0.7,1,8,0,0.00,0.00,0.00,0.00,0.00,0.10,0.14,0.24,0.10,0.24,Partidos
Folarin Balogun,DL,us United States,22,2001,3,3,175,1.9,2,0,2,2,0,0,0,0,0.3,0.3,0.0,0.3,4,3,11,1.03,0.00,1.03,1.03,1.03,0.17,0.00,0.17,0.17,0.17,Partidos
Adam Bareiro,DL,py Paraguay,27,1996,3,1,75,0.8,0,0,0,0,0,0,0,0,0.0,0.0,0.0,0.0,0,1,3,0.00,0.00,0.00,0.00,0.00,0.00,0.00,0.00,0.00,0.00,Partidos
Jon Bell,DF,jm Jamaica,26,1997,1,1,90,1.0,0,0,0,0,0,0,0,0,0.0,0.0,0.3,0.3,1,1,1,0.00,0.00,0.00,0.00,0.00,0.00,0.28,0.28,0.00,0.28,Partidos
Eduard Bello,"DL,CC",ve Venezuela,28,1995,4,3,288,3.2,2,0,2,2,0,0,0,0,0.8,0.8,0.1,0.9,4,4,26,0.62,0.00,0.62,0.62,0.62,0.25,0.03,0.28,0.25,0.28,Partidos
Rodrigo Bentancur,CC,uy Uruguay,26,1997,6,2,170,1.9,2,0,2,2,0,0,1,0,0.5,0.5,0.1,0.6,2,9,2,1.06,0.00,1.06,1.06,1.06,0.26,0.05,0.32,0.26,0.32,Partidos
Di'Shon Bernard,DF,jm Jamaica,23,2000,2,2,112,1.2,0,0,0,0,0,0,0,0,0.0,0.0,0.0,0.0,0,0,0,0.00,0.00,0.00,0.00,0.00,0.02,0.01,0.03,0.02,0.03,Partidos
César Blackman,"CC,DF",pa Panama,25,1998,3,3,194,2.2,1,0,1,1,0,0,0,0,0.1,0.1,0.1,0.2,6,8,20,0.46,0.00,0.46,0.46,0.46,0.06,0.04,0.10,0.06,0.10,Partidos
Damián Bobadilla,"CC,DL",py Paraguay,22,2001,3,2,197,2.2,0,0,0,0,0,0,0,0,0.2,0.2,0.0,0.2,0,7,9,0.00,0.00,0.00,0.00,0.00,0.08,0.02,0.10,0.08,0.10,Partidos
Marcos Bolados,"DL,CC",cl Chile,27,1996,3,0,96,1.1,0,0,0,0,0,0,0,0,0.0,0.0,0.0,0.0,1,0,9,0.00,0.00,0.00,0.00,0.00,0.00,0.02,0.02,0.00,0.02,Partidos
Moïse Bombito,DF,ca Canada,23,2000,6,6,540,6.0,0,1,1,0,0,0,1,0,0.1,0.1,0.3,0.4,3,17,1,0.00,0.17,0.17,0.00,0.17,0.02,0.05,0.07,0.02,0.07,Partidos
Miguel Borja,DL,co Colombia,31,1993,2,0,28,0.3,1,0,1,0,1,1,1,0,0.9,0.1,0.0,0.1,0,0,2,3.21,0.00,3.21,0.00,0.00,6.41,0.00,6.41,0.50,0.50,Partidos
Rafael Borré,DL,co Colombia,28,1995,4,1,128,1.4,0,0,0,0,0,0,0,0,0.4,0.4,0.0,0.4,0,0,4,0.00,0.00,0.00,0.00,0.00,0.37,0.00,0.37,0.37,0.37,Partidos
Alejandro Bran,CC,cr Costa Rica,22,2001,2,0,40,0.4,0,0,0,0,0,0,0,0,0.0,0.0,0.0,0.0,0,2,1,0.00,0.00,0.00,0.00,0.00,0.02,0.00,0.02,0.02,0.02,Partidos
Claudio Bravo,PO,cl Chile,40,1983,2,2,180,2.0,0,0,0,0,0,0,0,0,0.0,0.0,0.0,0.0,0,0,0,0.00,0.00,0.00,0.00,0.00,0.00,0.00,0.00,0.00,0.00,Partidos
,,,,,,,,,,,,,,,,,,,,,,,,,,,,,,,,,,
Jefferson Brenes,CC,cr Costa Rica,26,1997,3,2,165,1.8,0,1,1,0,0,0,0,0,0.0,0.0,0.0,0.0,0,6,1,0.00,0.55,0.55,0.00,0.55,0.02,0.01,0.03,0.02,0.03,Partidos
Ben Brereton,DL,cl Chile,24,1999,3,0,44,0.5,0,0,0,0,0,0,0,0,0.1,0.1,0.0,0.1,0,1,5,0.00,0.00,0.00,0.00,0.00,0.16,0.00,0.16,0.16,0.16,Partidos
Tajon Buchanan,"CC,DL",ca Canada,24,1999,3,1,98,1.1,0,0,0,0,0,0,0,0,0.5,0.5,0.1,0.6,3,2,8,0.00,0.00,0.00,0.00,0.00,0.49,0.08,0.58,0.49,0.58,Partidos
Hernesto Caballero,CC,py Paraguay,32,1991,3,1,110,1.2,0,0,0,0,0,0,1,0,0.0,0.0,0.0,0.0,0,2,0,0.00,0.00,0.00,0.00,0.00,0.00,0.00,0.00,0.00,0.00,Partidos
Sebastián Cáceres,DF,uy Uruguay,24,1999,5,2,258,2.9,0,1,1,0,0,0,0,0,0.2,0.2,0.2,0.3,0,3,0,0.00,0.35,0.35,0.00,0.35,0.06,0.05,0.12,0.06,0.12,Partidos
Jhonder Cádiz,DL,ve Venezuela,28,1995,3,0,85,0.9,1,0,1,1,0,0,0,0,0.2,0.2,0.0,0.2,0,2,3,1.06,0.00,1.06,1.06,1.06,0.18,0.00,0.18,0.18,0.18,Partidos
Jordy Caicedo,"DL,CC",ec Ecuador,26,1997,3,0,19,0.2,0,0,0,0,0,0,0,0,0.3,0.3,0.0,0.3,1,1,1,0.00,0.00,0.00,0.00,0.00,1.52,0.00,1.52,1.52,1.52,Partidos
Moisés Caicedo,CC,ec Ecuador,22,2001,4,4,360,4.0,0,0,0,0,0,0,2,0,0.2,0.2,0.8,0.9,7,23,12,0.00,0.00,0.00,0.00,0.00,0.04,0.19,0.23,0.04,0.23,Partidos
Alexander Callens,DF,pe Peru,31,1992,3,3,263,2.9,0,0,0,0,0,0,0,0,0.0,0.0,0.0,0.0,5,4,0,0.00,0.00,0.00,0.00,0.00,0.00,0.00,0.00,0.00,0.00,Partidos
Francisco Calvo,DF,cr Costa Rica,31,1992,3,3,270,3.0,1,0,1,1,0,0,1,0,0.4,0.4,0.0,0.4,0,4,0,0.33,0.00,0.33,0.33,0.33,0.13,0.00,0.13,0.13,0.13,Partidos
Joel Campbell,"CC,DL",cr Costa Rica,31,1992,3,1,133,1.5,0,0,0,0,0,0,0,0,0.0,0.0,0.0,0.0,1,5,4,0.00,0.00,0.00,0.00,0.00,0.00,0.00,0.00,0.00,0.00,Partidos
Agustín Canobbio,CC,uy Uruguay,25,1998,1,0,1,0.0,0,0,0,0,0,0,0,0,0.0,0.0,0.0,0.0,2,1,1,0.00,0.00,0.00,0.00,0.00,0.00,0.00,0.00,0.00,0.00,Partidos
Valentin Carboni,DL,ar Argentina,18,2005,1,0,14,0.2,0,0,0,0,0,0,0,0,0.0,0.0,0.0,0.0,0,0,1,0.00,0.00,0.00,0.00,0.00,0.00,0.00,0.00,0.00,0.00,Partidos
Johnny Cardoso,CC,us United States,22,2001,2,0,70,0.8,0,0,0,0,0,0,0,0,0.0,0.0,0.0,0.0,0,2,0,0.00,0.00,0.00,0.00,0.00,0.00,0.03,0.03,0.00,0.03,Partidos
Roberto Carlos Fernández,"DL,CC",bo Bolivia,24,1999,2,2,119,1.3,0,0,0,0,0,0,0,0,0.0,0.0,0.0,0.1,1,1,3,0.00,0.00,0.00,0.00,0.00,0.03,0.03,0.06,0.03,0.06,Partidos
Jorge Carrascal,"CC,DL",co Colombia,25,1998,3,0,51,0.6,0,0,0,0,0,0,0,0,0.1,0.1,0.1,0.2,2,5,1,0.00,0.00,0.00,0.00,0.00,0.22,0.27,0.49,0.22,0.49,Partidos
Adalberto Carrasquilla,CC,pa Panama,25,1998,2,2,175,1.9,0,0,0,0,0,0,0,1,0.0,0.0,0.2,0.2,5,17,5,0.00,0.00,0.00,0.00,0.00,0.02,0.09,0.11,0.02,0.11,Partidos
André Carrillo,CC,pe Peru,32,1991,1,0,12,0.1,0,0,0,0,0,0,0,0,0.0,0.0,0.0,0.0,1,1,3,0.00,0.00,0.00,0.00,0.00,0.12,0.00,0.12,0.12,0.12,Partidos
Wilder Cartagena,CC,pe Peru,29,1994,3,3,225,2.5,0,0,0,0,0,0,1,0,0.0,0.0,0.0,0.0,0,8,1,0.00,0.00,0.00,0.00,0.00,0.00,0.00,0.00,0.00,0.00,Partidos
Cameron Carter-Vickers,DF,us United States,26,1997,1,0,45,0.5,0,0,0,0,0,0,0,0,0.0,0.0,0.0,0.0,0,0,0,0.00,0.00,0.00,0.00,0.00,0.00,0.00,0.00,0.00,0.00,Partidos
Julio Cascante,DF,cr Costa Rica,30,1993,1,0,3,0.0,0,0,0,0,0,0,0,0,0.0,0.0,0.0,0.0,0,1,0,0.00,0.00,0.00,0.00,0.00,0.00,0.00,0.00,0.00,0.00,Partidos
Cristian Cásseres Jr.,CC,ve Venezuela,24,2000,3,2,149,1.7,0,0,0,0,0,0,1,0,0.1,0.1,0.0,0.1,4,4,4,0.00,0.00,0.00,0.00,0.00,0.04,0.01,0.05,0.04,0.05,Partidos
Kevin Castaño,CC,co Colombia,23,2000,4,0,81,0.9,0,0,0,0,0,0,1,0,0.1,0.1,0.3,0.4,0,6,3,0.00,0.00,0.00,0.00,0.00,0.23,0.48,0.72,0.23,0.72,Partidos
Jesús Castillo,CC,pe Peru,22,2001,1,0,45,0.5,0,0,0,0,0,0,0,0,0.0,0.0,0.0,0.0,0,5,0,0.00,0.00,0.00,0.00,0.00,0.05,0.00,0.05,0.05,0.05,Partidos
Renaldo Cephas,"CC,DF",jm Jamaica,24,1999,3,1,59,0.7,0,0,0,0,0,0,0,0,0.3,0.3,0.0,0.3,2,0,3,0.00,0.00,0.00,0.00,0.00,0.53,0.00,0.53,0.53,0.53,Partidos
,,,,,,,,,,,,,,,,,,,,,,,,,,,,,,,,,,
Boris Cespedes,CC,bo Bolivia,28,1995,2,2,152,1.7,0,0,0,0,0,0,0,0,0.0,0.0,0.0,0.0,2,4,1,0.00,0.00,0.00,0.00,0.00,0.00,0.00,0.00,0.00,0.00,Partidos
Lucas Chávez,"DL,CC",bo Bolivia,20,2003,2,0,33,0.4,0,0,0,0,0,0,0,0,0.0,0.0,0.0,0.0,0,0,1,0.00,0.00,0.00,0.00,0.00,0.00,0.00,0.00,0.00,0.00,Partidos
Luis Chávez,CC,mx Mexico,28,1996,3,3,257,2.9,0,0,0,0,0,0,1,0,0.4,0.4,0.8,1.3,5,10,15,0.00,0.00,0.00,0.00,0.00,0.14,0.30,0.44,0.14,0.44,Partidos
Mathieu Choiniere,CC,ca Canada,24,1999,2,1,109,1.2,0,0,0,0,0,0,0,0,0.0,0.0,0.1,0.1,1,10,4,0.00,0.00,0.00,0.00,0.00,0.00,0.06,0.06,0.00,0.06,Partidos
Anthony Contreras,DL,cr Costa Rica,24,2000,1,0,13,0.1,0,0,0,0,0,0,1,0,0.0,0.0,0.0,0.0,0,0,0,0.00,0.00,0.00,0.00,0.00,0.00,0.00,0.00,0.00,0.00,Partidos
Jhon Córdoba,DL,co Colombia,30,1993,6,5,414,4.6,2,1,3,2,0,0,2,0,1.4,1.4,0.8,2.2,3,5,21,0.43,0.22,0.65,0.43,0.65,0.31,0.18,0.49,0.31,0.49,Partidos
José Cordoba,DF,pa Panama,22,2001,4,4,360,4.0,0,0,0,0,0,0,1,0,0.0,0.0,0.0,0.0,1,7,3,0.00,0.00,0.00,0.00,0.00,0.01,0.00,0.01,0.01,0.01,Partidos
Derek Cornelius,DF,ca Canada,26,1997,6,5,429,4.8,0,0,0,0,0,0,2,0,0.0,0.0,0.1,0.1,0,11,1,0.00,0.00,0.00,0.00,0.00,0.01,0.02,0.03,0.01,0.03,Partidos
Janner Corozo,DL,ec Ecuador,28,1995,1,0,1,0.0,0,0,0,0,0,0,0,0,0.0,0.0,0.0,0.0,0,0,0,0.00,0.00,0.00,0.00,0.00,0.00,0.00,0.00,0.00,0.00,Partidos
Jordi Cortizo,DL,mx Mexico,27,1996,1,0,5,0.1,0,0,0,0,0,0,0,0,0.0,0.0,0.0,0.0,0,1,0,0.00,0.00,0.00,0.00,0.00,0.00,0.00,0.00,0.00,0.00,Partidos
Aldo Corzo,DF,pe Peru,34,1989,1,1,90,1.0,0,0,0,0,0,0,0,0,0.0,0.0,0.0,0.0,0,1,0,0.00,0.00,0.00,0.00,0.00,0.00,0.00,0.00,0.00,0.00,Partidos
Maxime Crépeau,PO,ca Canada,29,1994,5,5,450,5.0,0,0,0,0,0,0,0,0,0.0,0.0,0.0,0.0,0,0,0,0.00,0.00,0.00,0.00,0.00,0.00,0.00,0.00,0.00,0.00,Partidos
Andrés Cubas,CC,py Paraguay,27,1996,2,2,170,1.9,0,0,0,0,0,0,1,1,0.0,0.0,0.0,0.0,0,5,0,0.00,0.00,0.00,0.00,0.00,0.00,0.01,0.01,0.00,0.01,Partidos
Héctor Cuellar,DF,bo Bolivia,23,2000,3,2,225,2.5,0,0,0,0,0,0,0,0,0.0,0.0,0.0,0.0,3,2,5,0.00,0.00,0.00,0.00,0.00,0.00,0.00,0.00,0.00,0.00,Partidos
Jaume Cuéllar,DL,bo Bolivia,22,2001,1,0,17,0.2,0,0,0,0,0,0,0,0,0.0,0.0,0.0,0.0,0,0,0,0.00,0.00,0.00,0.00,0.00,0.00,0.00,0.00,0.00,0.00,Partidos
Carlos Cuesta,DF,co Colombia,24,1999,5,5,480,5.3,0,0,0,0,0,0,1,0,0.3,0.3,0.0,0.3,0,6,0,0.00,0.00,0.00,0.00,0.00,0.05,0.00,0.05,0.05,0.05,Partidos
Christian Cueva,"CC,DL",pe Peru,32,1991,2,0,26,0.3,0,0,0,0,0,0,0,0,0.2,0.2,0.0,0.2,1,2,4,0.00,0.00,0.00,0.00,0.00,0.82,0.00,0.82,0.82,0.82,Partidos
Danilo,DF,br Brazil,32,1991,4,4,360,4.0,0,0,0,0,0,0,0,0,0.0,0.0,0.3,0.4,7,30,11,0.00,0.00,0.00,0.00,0.00,0.01,0.08,0.09,0.01,0.09,Partidos
Jonathan David,"CC,DL",ca Canada,24,2000,6,5,446,5.0,2,0,2,2,0,0,1,0,1.6,1.6,0.4,2.1,7,22,34,0.40,0.00,0.40,0.40,0.40,0.33,0.09,0.42,0.33,0.42,Partidos
Alphonso Davies,DF,ca Canada,23,2000,6,5,459,5.1,0,0,0,0,0,0,1,0,0.4,0.4,0.3,0.7,16,25,17,0.00,0.00,0.00,0.00,0.00,0.07,0.06,0.13,0.07,0.13,Partidos
Víctor Dávila,DL,cl Chile,26,1997,3,3,230,2.6,0,0,0,0,0,0,1,0,0.3,0.3,0.8,1.1,2,5,11,0.00,0.00,0.00,0.00,0.00,0.13,0.31,0.45,0.13,0.45,Partidos
Erick Davis,DF,pa Panama,32,1991,4,4,352,3.9,0,1,1,0,0,0,0,0,0.0,0.0,0.4,0.4,7,15,20,0.00,0.26,0.26,0.00,0.26,0.01,0.10,0.11,0.01,0.11,Partidos
Giorgian De Arrascaeta,"CC,DL",uy Uruguay,29,1994,5,1,164,1.8,0,1,1,0,0,0,0,0,0.1,0.1,0.6,0.7,3,7,12,0.00,0.55,0.55,0.00,0.55,0.07,0.34,0.41,0.07,0.41,Partidos
Luc De Fougerolles,DF,ca Canada,18,2005,1,1,66,0.7,0,0,0,0,0,0,1,0,0.1,0.1,0.0,0.1,0,2,0,0.00,0.00,0.00,0.00,0.00,0.08,0.00,0.08,0.08,0.08,Partidos
Nicolás De La Cruz,CC,uy Uruguay,26,1997,5,4,352,3.9,0,2,2,0,0,0,2,0,0.2,0.2,0.7,0.9,3,25,27,0.00,0.51,0.51,0.00,0.51,0.04,0.18,0.22,0.04,0.22,Partidos
,,,,,,,,,,,,,,,,,,,,,,,,,,,,,,,,,,
Rodrigo De Paul,CC,ar Argentina,29,1994,5,5,480,5.3,0,1,1,0,0,0,1,0,0.1,0.1,1.1,1.3,10,31,11,0.00,0.19,0.19,0.00,0.19,0.02,0.23,0.25,0.02,0.25,Partidos
Ángel Di María,"CC,DL",ar Argentina,35,1988,5,4,354,3.9,0,1,1,0,0,0,0,0,0.4,0.4,2.0,2.4,14,19,30,0.00,0.25,0.25,0.00,0.25,0.10,0.51,0.61,0.10,0.61,Partidos
Ismael Díaz,CC,pa Panama,26,1997,1,0,6,0.1,0,0,0,0,0,0,0,0,0.0,0.0,0.0,0.0,0,0,0,0.00,0.00,0.00,0.00,0.00,0.00,0.00,0.00,0.00,0.00,Partidos
Luis Díaz,DL,co Colombia,27,1997,6,6,507,5.6,2,0,2,1,1,1,0,0,1.6,0.8,1.5,2.4,13,13,40,0.36,0.00,0.36,0.18,0.18,0.29,0.27,0.56,0.15,0.42,Partidos
Paulo Díaz,DF,cl Chile,29,1994,2,2,180,2.0,0,0,0,0,0,0,0,0,0.0,0.0,0.0,0.0,3,2,0,0.00,0.00,0.00,0.00,0.00,0.00,0.00,0.00,0.00,0.00,Partidos
Kaheim Dixon,"CC,DL",jm Jamaica,19,2004,3,0,64,0.7,0,0,0,0,0,0,0,0,0.1,0.1,0.0,0.1,0,0,10,0.00,0.00,0.00,0.00,0.00,0.13,0.00,0.13,0.13,0.13,Partidos
Alexander Domínguez,PO,ec Ecuador,36,1987,4,4,360,4.0,0,0,0,0,0,0,0,0,0.0,0.0,0.0,0.0,0,0,0,0.00,0.00,0.00,0.00,0.00,0.00,0.00,0.00,0.00,0.00,Partidos
Jhon Durán,DL,co Colombia,20,2003,1,0,14,0.2,0,0,0,0,0,0,0,0,0.0,0.0,0.0,0.0,0,0,0,0.00,0.00,0.00,0.00,0.00,0.00,0.00,0.00,0.00,0.00,Partidos
Rodrigo Echeverría,CC,cl Chile,28,1995,3,2,177,2.0,0,0,0,0,0,0,0,0,0.3,0.3,0.0,0.3,1,5,0,0.00,0.00,0.00,0.00,0.00,0.17,0.00,0.17,0.17,0.17,Partidos
Éderson,CC,br Brazil,24,1999,1,0,18,0.2,0,0,0,0,0,0,0,0,0.0,0.0,0.0,0.0,0,0,0,0.00,0.00,0.00,0.00,0.00,0.00,0.00,0.00,0.00,0.00,Partidos
Jorge Eduardo Sánchez,DF,mx Mexico,26,1997,3,3,270,3.0,0,0,0,0,0,0,1,0,0.1,0.1,0.1,0.2,8,21,20,0.00,0.00,0.00,0.00,0.00,0.04,0.02,0.06,0.04,0.06,Partidos
Julio Enciso,"DL,CC",py Paraguay,20,2004,3,3,251,2.8,1,0,1,1,0,0,0,0,0.7,0.7,0.9,1.5,7,9,12,0.36,0.00,0.36,0.36,0.36,0.24,0.31,0.55,0.24,0.55,Partidos
Endrick,DL,br Brazil,17,2006,4,1,127,1.4,0,0,0,0,0,0,0,0,0.1,0.1,0.0,0.1,1,1,3,0.00,0.00,0.00,0.00,0.00,0.06,0.00,0.06,0.06,0.06,Partidos
Matías Espinoza,DF,py Paraguay,26,1997,2,2,162,1.8,0,0,0,0,0,0,0,0,0.0,0.0,0.0,0.0,1,4,8,0.00,0.00,0.00,0.00,0.00,0.02,0.00,0.02,0.02,0.02,Partidos
Stephen Eustáquio,CC,ca Canada,27,1996,5,5,431,4.8,0,0,0,0,0,0,1,0,0.6,0.6,0.3,0.9,2,28,5,0.00,0.00,0.00,0.00,0.00,0.13,0.07,0.20,0.13,0.20,Partidos
Evanilson,CC,br Brazil,24,1999,1,0,4,0.0,0,0,0,0,0,0,0,0,0.0,0.0,0.0,0.0,0,0,1,0.00,0.00,0.00,0.00,0.00,0.00,0.00,0.00,0.00,0.00,Partidos
José Fajardo,"DL,CC",pa Panama,30,1993,4,3,295,3.3,2,0,2,2,0,0,0,0,0.9,0.9,0.2,1.1,5,2,17,0.61,0.00,0.61,0.61,0.61,0.27,0.06,0.34,0.27,0.34,Partidos
Edgardo Fariña,DF,pa Panama,22,2001,4,4,360,4.0,0,0,0,0,0,0,2,0,0.1,0.1,0.0,0.1,4,12,0,0.00,0.00,0.00,0.00,0.00,0.02,0.00,0.02,0.02,0.02,Partidos
Enzo Fernández,CC,ar Argentina,23,2001,5,4,351,3.9,0,2,2,0,0,0,0,0,0.5,0.5,1.3,1.8,3,11,8,0.00,0.51,0.51,0.00,0.51,0.14,0.33,0.47,0.14,0.47,Partidos
Nicolás Fernández,DF,cl Chile,24,1999,1,0,4,0.0,0,0,0,0,0,0,0,0,0.0,0.0,0.0,0.0,0,0,2,0.00,0.00,0.00,0.00,0.00,0.00,0.00,0.00,0.00,0.00,Partidos
Nahuel Ferraresi,DF,ve Venezuela,25,1998,3,3,270,3.0,0,0,0,0,0,0,1,0,0.0,0.0,0.1,0.1,2,16,1,0.00,0.00,0.00,0.00,0.00,0.00,0.05,0.05,0.00,0.05,Partidos
Edison Flores,"DL,CC",pe Peru,29,1994,3,3,186,2.1,0,0,0,0,0,0,1,0,0.1,0.1,0.3,0.3,2,6,10,0.00,0.00,0.00,0.00,0.00,0.03,0.14,0.17,0.03,0.17,Partidos
Alan Franco,CC,ec Ecuador,25,1998,4,4,344,3.8,0,0,0,0,0,0,0,0,0.0,0.0,0.0,0.1,1,5,2,0.00,0.00,0.00,0.00,0.00,0.01,0.00,0.02,0.01,0.02,Partidos
Thomas Galdames,DF,cl Chile,25,1998,1,0,61,0.7,0,0,0,0,0,0,0,0,0.0,0.0,0.0,0.0,0,4,2,0.00,0.00,0.00,0.00,0.00,0.00,0.00,0.00,0.00,0.00,Partidos
Pedro Gallese,PO,pe Peru,33,1990,3,3,270,3.0,0,0,0,0,0,0,0,0,0.0,0.0,0.0,0.0,0,0,0,0.00,0.00,0.00,0.00,0.00,0.00,0.00,0.00,0.00,0.00,Partidos
,,,,,,,,,,,,,,,,,,,,,,,,,,,,,,,,,,
Orlando Galo,CC,cr Costa Rica,23,2000,3,3,270,3.0,0,0,0,0,0,0,1,0,0.1,0.1,0.0,0.1,0,5,2,0.00,0.00,0.00,0.00,0.00,0.02,0.01,0.03,0.02,0.03,Partidos
Alejandro Garnacho,DL,ar Argentina,19,2004,1,1,65,0.7,0,0,0,0,0,0,0,0,0.1,0.1,0.0,0.1,4,1,5,0.00,0.00,0.00,0.00,0.00,0.13,0.00,0.13,0.13,0.13,Partidos
Néstor Giménez,DF,py Paraguay,26,1997,2,1,108,1.2,0,0,0,0,0,0,0,0,0.0,0.0,0.0,0.0,7,8,11,0.00,0.00,0.00,0.00,0.00,0.00,0.01,0.01,0.00,0.01,Partidos
Santiago Giménez,DL,mx Mexico,22,2001,3,3,217,2.4,0,0,0,0,0,0,1,0,1.3,1.3,0.1,1.5,2,3,15,0.00,0.00,0.00,0.00,0.00,0.55,0.05,0.60,0.55,0.60,Partidos
João Gomes,CC,br Brazil,22,2001,4,4,324,3.6,0,0,0,0,0,0,2,0,0.0,0.0,0.1,0.1,2,15,10,0.00,0.00,0.00,0.00,0.00,0.01,0.02,0.03,0.01,0.03,Partidos
Freddy Góndola,CC,pa Panama,28,1995,3,0,45,0.5,0,1,1,0,0,0,1,0,0.0,0.0,0.1,0.1,1,1,4,0.00,2.00,2.00,0.00,2.00,0.00,0.15,0.15,0.00,0.15,Partidos
Alexander González,DF,ve Venezuela,31,1992,2,2,180,2.0,0,0,0,0,0,0,0,0,0.0,0.0,0.0,0.0,6,13,24,0.00,0.00,0.00,0.00,0.00,0.00,0.00,0.00,0.00,0.00,Partidos
Derlis González,CC,py Paraguay,29,1994,1,0,8,0.1,0,0,0,0,0,0,0,0,0.0,0.0,0.0,0.0,0,0,1,0.00,0.00,0.00,0.00,0.00,0.00,0.00,0.00,0.00,0.00,Partidos
Nicolás González,"CC,DL",ar Argentina,25,1998,5,2,255,2.8,0,0,0,0,0,0,1,0,0.3,0.3,0.5,0.8,3,4,20,0.00,0.00,0.00,0.00,0.00,0.14,0.18,0.32,0.14,0.32,Partidos
Demarai Gray,"CC,DL",jm Jamaica,27,1996,3,2,198,2.2,0,0,0,0,0,0,0,0,0.1,0.1,0.0,0.1,5,3,10,0.00,0.00,0.00,0.00,0.00,0.03,0.01,0.04,0.03,0.04,Partidos
Joao Grimaldo,CC,pe Peru,20,2003,1,0,20,0.2,0,0,0,0,0,0,0,0,0.0,0.0,0.0,0.0,1,1,2,0.00,0.00,0.00,0.00,0.00,0.00,0.00,0.00,0.00,0.00,Partidos
Carlos Gruezo,"CC,DL",ec Ecuador,28,1995,4,1,124,1.4,0,1,1,0,0,0,0,0,0.0,0.0,0.5,0.5,0,2,0,0.00,0.73,0.73,0.00,0.73,0.00,0.34,0.34,0.00,0.34,Partidos
Eduardo Guerrero,DL,pa Panama,23,2000,4,1,114,1.3,1,0,1,1,0,0,1,0,0.2,0.2,0.1,0.3,0,2,8,0.79,0.00,0.79,0.79,0.79,0.16,0.06,0.22,0.16,0.22,Partidos
Paolo Guerrero,DL,pe Peru,40,1984,3,1,96,1.1,0,0,0,0,0,0,1,0,0.5,0.5,0.2,0.7,0,4,1,0.00,0.00,0.00,0.00,0.00,0.45,0.22,0.67,0.45,0.67,Partidos
Bruno Guimarães,CC,br Brazil,26,1997,4,4,332,3.7,0,0,0,0,0,0,1,0,0.4,0.4,0.1,0.5,8,31,5,0.00,0.00,0.00,0.00,0.00,0.11,0.03,0.14,0.11,0.14,Partidos
Luis Haquín,DF,bo Bolivia,26,1997,3,3,270,3.0,0,0,0,0,0,0,1,0,0.0,0.0,0.0,0.0,0,3,0,0.00,0.00,0.00,0.00,0.00,0.01,0.00,0.01,0.01,0.01,Partidos
Wes Harding,DF,jm Jamaica,27,1996,1,1,66,0.7,0,0,0,0,0,0,0,0,0.0,0.0,0.0,0.0,0,2,0,0.00,0.00,0.00,0.00,0.00,0.00,0.00,0.00,0.00,0.00,Partidos
Carlos Harvey,DF,pa Panama,23,2000,2,1,118,1.3,0,0,0,0,0,0,0,0,0.0,0.0,0.0,0.0,0,5,0,0.00,0.00,0.00,0.00,0.00,0.00,0.00,0.00,0.00,0.00,Partidos
Michael Hector,DF,jm Jamaica,31,1992,3,1,158,1.8,0,0,0,0,0,0,2,0,0.0,0.0,0.0,0.0,1,3,0,0.00,0.00,0.00,0.00,0.00,0.01,0.00,0.01,0.01,0.01,Partidos
Yangel Herrera,CC,ve Venezuela,26,1998,4,4,326,3.6,0,1,1,0,0,0,0,0,0.4,0.4,0.5,0.9,11,24,10,0.00,0.28,0.28,0.00,0.28,0.11,0.13,0.24,0.11,0.24,Partidos
Piero Hincapié,DF,ec Ecuador,22,2002,4,4,360,4.0,1,0,1,1,0,0,0,0,0.0,0.0,0.4,0.4,6,10,11,0.25,0.00,0.25,0.25,0.25,0.00,0.09,0.09,0.00,0.09,Partidos
Ethan Horvath,PO,us United States,28,1995,1,0,45,0.5,0,0,0,0,0,0,0,0,0.0,0.0,0.0,0.0,0,0,0,0.00,0.00,0.00,0.00,0.00,0.00,0.00,0.00,0.00,0.00,Partidos
César Huerta,"DL,CC",mx Mexico,23,2000,2,1,84,0.9,0,0,0,0,0,0,0,0,0.2,0.2,0.4,0.5,1,2,9,0.00,0.00,0.00,0.00,0.00,0.18,0.40,0.58,0.16,0.56,Partidos
José Hurtado,DF,ec Ecuador,22,2001,1,0,1,0.0,0,0,0,0,0,0,0,0,0.0,0.0,0.0,0.0,0,1,0,0.00,0.00,0.00,0.00,0.00,0.00,0.00,0.00,0.00,0.00,Partidos
Mauricio Isla,DF,cl Chile,35,1988,3,3,266,3.0,0,0,0,0,0,0,1,0,0.0,0.0,0.0,0.0,4,13,14,0.00,0.00,0.00,0.00,0.00,0.00,0.02,0.02,0.00,0.02,Partidos
,,,,,,,,,,,,,,,,,,,,,,,,,,,,,,,,,,
Alistair Johnston,DF,ca Canada,25,1998,6,6,511,5.7,0,0,0,0,0,0,1,0,0.0,0.0,0.3,0.4,9,24,14,0.00,0.00,0.00,0.00,0.00,0.00,0.06,0.06,0.00,0.06,Partidos
Julio José González,PO,mx Mexico,32,1991,3,3,270,3.0,0,0,0,0,0,0,0,0,0.0,0.0,0.0,0.0,0,0,0,0.00,0.00,0.00,0.00,0.00,0.00,0.00,0.00,0.00,0.00,Partidos
Vinicius Júnior,DL,br Brazil,23,2000,3,3,250,2.8,2,0,2,2,0,0,2,0,0.7,0.7,0.7,1.4,13,2,25,0.72,0.00,0.72,0.72,0.72,0.26,0.24,0.50,0.26,0.50,Partidos
Leonel Justiniano,CC,bo Bolivia,31,1992,2,1,73,0.8,0,0,0,0,0,0,1,0,0.0,0.0,0.0,0.0,0,1,1,0.00,0.00,0.00,0.00,0.00,0.00,0.00,0.00,0.00,0.00,Partidos
Kaku,"DL,CC",py Paraguay,29,1995,2,0,35,0.4,0,0,0,0,0,0,0,0,0.0,0.0,0.1,0.1,1,7,2,0.00,0.00,0.00,0.00,0.00,0.00,0.26,0.26,0.00,0.26,Partidos
Richard King,DF,jm Jamaica,22,2001,1,0,4,0.0,0,0,0,0,0,0,0,0,0.0,0.0,0.0,0.0,0,2,0,0.00,0.00,0.00,0.00,0.00,0.00,0.31,0.31,0.00,0.31,Partidos
Ismaël Koné,CC,ca Canada,21,2002,5,4,319,3.5,1,0,1,1,0,0,3,0,0.5,0.5,0.0,0.5,16,23,5,0.28,0.00,0.28,0.28,0.28,0.14,0.00,0.14,0.14,0.14,Partidos
Luca de la Torre,CC,us United States,25,1998,1,0,13,0.1,0,0,0,0,0,0,0,0,0.0,0.0,0.0,0.0,0,2,1,0.00,0.00,0.00,0.00,0.00,0.00,0.00,0.00,0.00,0.00,Partidos
Matías Lacava,CC,ve Venezuela,21,2002,1,0,7,0.1,0,0,0,0,0,0,0,0,0.0,0.0,0.0,0.0,1,0,1,0.00,0.00,0.00,0.00,0.00,0.00,0.00,0.00,0.00,0.00,Partidos
Gianluca Lapadula,DL,pe Peru,33,1990,3,2,194,2.2,0,0,0,0,0,0,0,0,0.5,0.5,0.0,0.5,1,0,12,0.00,0.00,0.00,0.00,0.00,0.22,0.00,0.22,0.22,0.22,Partidos
Cyle Larin,DL,ca Canada,28,1995,5,5,396,4.4,0,0,0,0,0,0,0,0,1.1,1.1,0.6,1.7,3,11,22,0.00,0.00,0.00,0.00,0.00,0.24,0.13,0.38,0.24,0.38,Partidos
Richie Laryea,"DF,DL",ca Canada,29,1995,6,5,366,4.1,0,0,0,0,0,0,1,0,0.2,0.2,0.3,0.5,8,7,15,0.00,0.00,0.00,0.00,0.00,0.04,0.08,0.12,0.04,0.12,Partidos
Ariel Lassiter,DF,cr Costa Rica,29,1994,2,2,134,1.5,0,0,0,0,0,0,0,0,0.0,0.0,0.0,0.0,0,0,2,0.00,0.00,0.00,0.00,0.00,0.01,0.00,0.01,0.01,0.01,Partidos
Joël Latibeaudière,"DF,CC",jm Jamaica,24,2000,3,3,259,2.9,0,0,0,0,0,0,1,0,0.0,0.0,0.0,0.0,0,5,1,0.00,0.00,0.00,0.00,0.00,0.00,0.00,0.00,0.00,0.00,Partidos
Greg Leigh,DF,jm Jamaica,29,1994,2,2,180,2.0,0,0,0,0,0,0,0,0,0.0,0.0,0.1,0.1,0,3,5,0.00,0.00,0.00,0.00,0.00,0.00,0.04,0.04,0.00,0.04,Partidos
Dexter Lembikisa,DF,jm Jamaica,20,2003,2,2,177,2.0,0,0,0,0,0,0,0,0,0.1,0.1,0.0,0.1,2,7,5,0.00,0.00,0.00,0.00,0.00,0.04,0.00,0.04,0.04,0.04,Partidos
Kahiser Lenis,CC,pa Panama,23,2000,2,0,47,0.5,0,0,0,0,0,0,0,0,0.4,0.4,0.0,0.4,1,3,4,0.00,0.00,0.00,0.00,0.00,0.74,0.00,0.74,0.74,0.74,Partidos
Jefferson Lerma,CC,co Colombia,29,1994,5,5,422,4.7,2,0,2,2,0,0,2,0,0.4,0.4,0.1,0.5,5,10,2,0.43,0.00,0.43,0.43,0.43,0.08,0.03,0.11,0.08,0.11,Partidos
Igor Lichnovsky,DF,cl Chile,29,1994,3,3,270,3.0,0,0,0,0,0,0,0,0,0.1,0.1,0.0,0.1,1,12,1,0.00,0.00,0.00,0.00,0.00,0.04,0.01,0.05,0.04,0.05,Partidos
Giovani Lo Celso,CC,ar Argentina,27,1996,5,1,152,1.7,0,1,1,0,0,0,2,0,0.6,0.6,0.4,1.0,2,6,7,0.00,0.59,0.59,0.00,0.59,0.44,0.25,0.69,0.44,0.69,Partidos
Marcos López,DF,pe Peru,24,1999,3,2,222,2.5,0,0,0,0,0,0,0,0,0.0,0.0,0.0,0.0,5,8,4,0.00,0.00,0.00,0.00,0.00,0.01,0.01,0.01,0.01,0.01,Partidos
Damion Lowe,"CC,DF",jm Jamaica,30,1993,3,2,158,1.8,0,0,0,0,0,0,1,0,0.0,0.0,0.1,0.2,1,15,1,0.00,0.00,0.00,0.00,0.00,0.02,0.07,0.09,0.02,0.09,Partidos
Jhon Lucumí,DF,co Colombia,25,1998,1,1,25,0.3,0,0,0,0,0,0,0,0,0.0,0.0,0.0,0.0,0,1,0,0.00,0.00,0.00,0.00,0.00,0.00,0.00,0.00,0.00,0.00,Partidos
José Luis Rodríguez,CC,pa Panama,25,1998,1,1,83,0.9,0,0,0,0,0,0,0,0,0.0,0.0,0.0,0.1,1,3,8,0.00,0.00,0.00,0.00,0.00,0.05,0.04,0.09,0.05,0.09,Partidos
Douglas Luiz,CC,br Brazil,25,1998,3,0,34,0.4,0,0,0,0,0,0,0,0,0.0,0.0,0.0,0.0,0,6,0,0.00,0.00,0.00,0.00,0.00,0.00,0.00,0.00,0.00,0.00,Partidos
,,,,,,,,,,,,,,,,,,,,,,,,,,,,,,,,,,
Alexis Mac Allister,CC,ar Argentina,25,1998,5,5,443,4.9,0,2,2,0,0,0,1,0,0.8,0.8,0.6,1.4,2,21,8,0.00,0.41,0.41,0.00,0.41,0.17,0.12,0.29,0.17,0.29,Partidos
Deiver Machado,DF,co Colombia,30,1993,1,1,45,0.5,0,0,0,0,0,0,1,0,0.0,0.0,0.0,0.0,1,5,4,0.00,0.00,0.00,0.00,0.00,0.00,0.00,0.00,0.00,0.00,Partidos
Darwin Machís,DL,ve Venezuela,30,1993,3,2,124,1.4,0,0,0,0,0,0,2,0,0.2,0.2,0.3,0.5,5,4,10,0.00,0.00,0.00,0.00,0.00,0.16,0.19,0.36,0.16,0.36,Partidos
Warren Madrigal,"DL,CC",cr Costa Rica,19,2004,3,2,186,2.1,0,0,0,0,0,0,0,0,0.0,0.0,0.0,0.0,0,1,4,0.00,0.00,0.00,0.00,0.00,0.02,0.00,0.02,0.02,0.02,Partidos
Gabriel Magalhães,DF,br Brazil,26,1997,1,0,4,0.0,0,0,0,0,0,0,0,0,0.0,0.0,0.0,0.0,0,0,0,0.00,0.00,0.00,0.00,0.00,0.00,0.00,0.00,0.00,0.00,Partidos
Christian Makoun,DF,ve Venezuela,23,2000,2,0,12,0.1,0,0,0,0,0,0,0,0,0.0,0.0,0.0,0.0,1,0,0,0.00,0.00,0.00,0.00,0.00,0.00,0.00,0.00,0.00,0.00,Partidos
Jesús Manuel Sagredo,DF,bo Bolivia,29,1994,1,1,90,1.0,0,0,0,0,0,0,1,0,0.0,0.0,0.0,0.0,0,3,0,0.00,0.00,0.00,0.00,0.00,0.00,0.00,0.00,0.00,0.00,Partidos
José María Giménez,DF,uy Uruguay,29,1995,5,2,302,3.4,0,1,1,0,0,0,1,0,0.5,0.5,0.5,0.9,1,5,2,0.00,0.30,0.30,0.00,0.30,0.14,0.14,0.28,0.14,0.28,Partidos
Guillermo Maripán,DF,cl Chile,29,1994,1,1,90,1.0,0,0,0,0,0,0,0,0,0.0,0.0,0.0,0.0,0,1,0,0.00,0.00,0.00,0.00,0.00,0.00,0.00,0.00,0.00,0.00,Partidos
Marquinhos,DF,br Brazil,29,1994,4,4,360,4.0,0,0,0,0,0,0,0,0,0.1,0.1,0.0,0.1,3,14,0,0.00,0.00,0.00,0.00,0.00,0.04,0.00,0.04,0.04,0.04,Partidos
Alex Marshall,CC,jm Jamaica,25,1998,1,0,4,0.0,0,0,0,0,0,0,0,0,0.0,0.0,0.0,0.0,0,0,1,0.00,0.00,0.00,0.00,0.00,0.42,0.00,0.42,0.42,0.42,Partidos
Gabriel Martinelli,DL,br Brazil,22,2001,2,0,12,0.1,0,0,0,0,0,0,0,0,0.0,0.0,0.0,0.0,1,3,4,0.00,0.00,0.00,0.00,0.00,0.00,0.00,0.00,0.00,0.00,Partidos
Guillermo Martínez Ayala,"DL,CC",mx Mexico,28,1995,3,0,77,0.9,0,0,0,0,0,0,0,0,0.5,0.5,0.0,0.5,0,2,1,0.00,0.00,0.00,0.00,0.00,0.54,0.00,0.54,0.54,0.54,Partidos
Cristian Martínez,CC,pa Panama,26,1997,4,4,273,3.0,0,1,1,0,0,0,0,0,0.1,0.1,0.2,0.2,4,25,13,0.00,0.33,0.33,0.00,0.33,0.02,0.06,0.08,0.02,0.08,Partidos
Emiliano Martínez,PO,ar Argentina,31,1992,6,6,570,6.3,0,0,0,0,0,0,0,0,0.0,0.0,0.2,0.2,0,0,0,0.00,0.00,0.00,0.00,0.00,0.00,0.03,0.03,0.00,0.03,Partidos
Lautaro Martínez,DL,ar Argentina,26,1997,6,2,224,2.5,5,0,5,5,0,0,0,0,3.3,3.1,0.0,3.1,4,2,15,2.01,0.00,2.01,2.01,2.01,1.47,0.00,1.47,1.41,1.41,Partidos
Lisandro Martínez,DF,ar Argentina,26,1998,5,5,467,5.2,1,0,1,1,0,0,0,0,0.4,0.4,0.6,1.0,3,8,2,0.19,0.00,0.19,0.19,0.19,0.08,0.12,0.20,0.08,0.20,Partidos
Lucas Martínez Quarta,DF,ar Argentina,27,1996,1,0,8,0.1,0,0,0,0,0,0,0,0,0.0,0.0,0.0,0.0,0,0,0,0.00,0.00,0.00,0.00,0.00,0.00,0.00,0.00,0.00,0.00,Partidos
Weston McKennie,CC,us United States,25,1998,3,3,257,2.9,0,0,0,0,0,0,1,0,0.1,0.1,0.8,0.9,2,9,11,0.00,0.00,0.00,0.00,0.00,0.04,0.27,0.31,0.04,0.31,Partidos
Diego Medina,"DL,CC",bo Bolivia,22,2002,2,1,63,0.7,0,0,0,0,0,0,0,0,0.0,0.0,0.0,0.0,0,0,1,0.00,0.00,0.00,0.00,0.00,0.00,0.00,0.00,0.00,0.00,Partidos
Ángel Mena,"DL,CC",ec Ecuador,36,1988,2,0,26,0.3,0,0,0,0,0,0,0,0,0.0,0.0,0.0,0.0,3,3,1,0.00,0.00,0.00,0.00,0.00,0.12,0.00,0.12,0.12,0.12,Partidos
Cesar Menacho,DL,bo Bolivia,24,1999,1,1,45,0.5,0,0,0,0,0,0,0,0,0.0,0.0,0.0,0.0,1,1,0,0.00,0.00,0.00,0.00,0.00,0.00,0.00,0.00,0.00,0.00,Partidos
Lionel Messi,DL,ar Argentina,36,1987,5,5,425,4.7,1,1,2,1,0,0,0,0,1.9,1.9,2.6,4.5,10,25,20,0.21,0.21,0.42,0.21,0.42,0.41,0.55,0.96,0.41,0.96,Partidos
Éder Militão,DF,br Brazil,26,1998,4,4,356,4.0,0,0,0,0,0,0,1,0,0.0,0.0,0.0,0.0,0,9,2,0.00,0.00,0.00,0.00,0.00,0.01,0.00,0.01,0.01,0.01,Partidos
Liam Millar,"DL,CC",ca Canada,24,1999,6,2,234,2.6,0,0,0,0,0,0,1,0,0.3,0.3,0.1,0.3,12,10,19,0.00,0.00,0.00,0.00,0.00,0.10,0.03,0.13,0.10,0.13,Partidos
,,,,,,,,,,,,,,,,,,,,,,,,,,,,,,,,,,
Kamal Miller,DF,ca Canada,26,1997,2,0,46,0.5,0,0,0,0,0,0,0,0,0.0,0.0,0.0,0.0,1,1,0,0.00,0.00,0.00,0.00,0.00,0.00,0.00,0.00,0.00,0.00,Partidos
Roderick Miller,DF,pa Panama,31,1992,3,3,225,2.5,0,0,0,0,0,0,0,0,0.2,0.2,0.0,0.2,5,6,0,0.00,0.00,0.00,0.00,0.00,0.09,0.01,0.10,0.09,0.10,Partidos
Yerry Mina,DF,co Colombia,29,1994,2,0,81,0.9,0,0,0,0,0,0,0,0,0.0,0.0,0.0,0.0,0,0,0,0.00,0.00,0.00,0.00,0.00,0.00,0.00,0.00,0.00,0.00,Partidos
Alan Minda,"DL,CC",ec Ecuador,20,2003,4,0,78,0.9,1,0,1,1,0,0,0,0,0.5,0.5,0.3,0.7,4,0,5,1.15,0.00,1.15,1.15,1.15,0.54,0.32,0.86,0.54,0.86,Partidos
Bruno Miranda,"DL,DF",bo Bolivia,25,1998,2,1,94,1.0,1,0,1,1,0,0,0,0,0.3,0.3,0.0,0.3,2,1,2,0.96,0.00,0.96,0.96,0.96,0.32,0.00,0.32,0.32,0.32,Partidos
Jeyland Mitchell,DF,cr Costa Rica,19,2004,3,3,270,3.0,0,0,0,0,0,0,0,0,0.0,0.0,0.0,0.0,0,3,0,0.00,0.00,0.00,0.00,0.00,0.00,0.00,0.00,0.00,0.00,Partidos
Johan Mojica,DF,co Colombia,31,1992,6,5,525,5.8,0,0,0,0,0,0,0,0,0.0,0.0,0.1,0.1,16,16,12,0.00,0.00,0.00,0.00,0.00,0.00,0.02,0.02,0.00,0.02,Partidos
Nahuel Molina,DF,ar Argentina,25,1998,5,3,328,3.6,0,0,0,0,0,0,1,0,0.1,0.1,0.1,0.2,2,6,13,0.00,0.00,0.00,0.00,0.00,0.04,0.03,0.08,0.04,0.08,Partidos
César Montes,DF,mx Mexico,26,1997,3,3,225,2.5,0,0,0,0,0,0,1,0,0.1,0.1,0.1,0.2,3,19,1,0.00,0.00,0.00,0.00,0.00,0.04,0.04,0.09,0.04,0.09,Partidos
Gonzalo Montiel,DF,ar Argentina,27,1997,6,3,242,2.7,0,0,0,0,0,0,0,0,0.0,0.0,0.3,0.3,8,7,12,0.00,0.00,0.00,0.00,0.00,0.00,0.10,0.10,0.00,0.10,Partidos
Joseph Mora,DF,cr Costa Rica,31,1993,3,1,133,1.5,0,1,1,0,0,0,0,0,0.0,0.0,0.4,0.4,0,2,6,0.00,0.68,0.68,0.00,0.68,0.00,0.26,0.26,0.00,0.26,Partidos
Rodrigo Morínigo,PO,py Paraguay,25,1998,3,3,270,3.0,0,0,0,0,0,0,0,0,0.0,0.0,0.0,0.0,0,0,0,0.00,0.00,0.00,0.00,0.00,0.00,0.00,0.00,0.00,0.00,Partidos
Orlando Mosquera,PO,pa Panama,29,1994,4,4,360,4.0,0,0,0,0,0,0,0,0,0.0,0.0,0.0,0.0,0,0,0,0.00,0.00,0.00,0.00,0.00,0.00,0.01,0.01,0.00,0.01,Partidos
Daniel Muñoz,DF,co Colombia,27,1996,5,5,386,4.3,2,1,3,2,0,0,2,1,0.5,0.5,0.4,0.9,2,17,12,0.47,0.23,0.70,0.47,0.70,0.11,0.10,0.21,0.11,0.21,Partidos
Yunus Musah,CC,us United States,21,2002,2,1,116,1.3,0,0,0,0,0,0,0,0,0.0,0.0,0.0,0.0,1,2,2,0.00,0.00,0.00,0.00,0.00,0.00,0.00,0.00,0.00,0.00,Partidos
Nahitan Nández,DF,uy Uruguay,28,1995,5,5,433,4.8,0,0,0,0,0,0,0,1,0.3,0.3,0.8,1.1,8,14,18,0.00,0.00,0.00,0.00,0.00,0.07,0.16,0.22,0.07,0.22,Partidos
Miguel Navarro,DF,ve Venezuela,24,1999,3,3,270,3.0,0,0,0,0,0,0,1,0,0.1,0.1,0.0,0.1,3,6,10,0.00,0.00,0.00,0.00,0.00,0.02,0.01,0.02,0.02,0.02,Partidos
Shamar Nicholson,"DL,CC",jm Jamaica,26,1997,3,2,196,2.2,0,0,0,0,0,0,0,0,0.4,0.4,0.1,0.6,0,1,7,0.00,0.00,0.00,0.00,0.00,0.20,0.07,0.26,0.20,0.26,Partidos
Darwin Núñez,DL,uy Uruguay,24,1999,6,6,472,5.2,2,0,2,2,0,0,1,0,2.6,2.6,0.5,3.1,7,9,35,0.38,0.00,0.38,0.38,0.38,0.50,0.09,0.59,0.50,0.59,Partidos
Marcelino Núñez,CC,cl Chile,23,2000,3,2,144,1.6,0,0,0,0,0,0,0,0,0.1,0.1,0.0,0.1,2,2,4,0.00,0.00,0.00,0.00,0.00,0.06,0.00,0.06,0.06,0.06,Partidos
Lucas Olaza,DF,uy Uruguay,29,1994,2,0,33,0.4,0,0,0,0,0,0,0,0,0.0,0.0,0.2,0.2,1,2,3,0.00,0.00,0.00,0.00,0.00,0.00,0.52,0.52,0.00,0.52,Partidos
Cristian Olivera,"DL,DF",uy Uruguay,21,2002,4,0,144,1.6,0,0,0,0,0,0,0,0,0.0,0.0,0.4,0.4,6,1,17,0.00,0.00,0.00,0.00,0.00,0.00,0.25,0.25,0.00,0.25,Partidos
Mathías Olivera,DF,uy Uruguay,26,1997,5,5,374,4.2,1,0,1,1,0,0,0,0,0.9,0.9,0.0,0.9,6,29,2,0.24,0.00,0.24,0.24,0.24,0.21,0.00,0.21,0.21,0.21,Partidos
Tani Oluwaseyi,DL,ca Canada,23,2000,5,1,136,1.5,0,0,0,0,0,0,2,0,2.3,2.3,0.3,2.6,2,2,16,0.00,0.00,0.00,0.00,0.00,1.49,0.20,1.69,1.49,1.69,Partidos
Darío Osorio,DL,cl Chile,20,2004,3,2,164,1.8,0,0,0,0,0,0,0,0,0.0,0.0,0.0,0.0,2,4,9,0.00,0.00,0.00,0.00,0.00,0.01,0.01,0.02,0.01,0.02,Partidos
,,,,,,,,,,,,,,,,,,,,,,,,,,,,,,,,,,
Jonathan Osorio,CC,ca Canada,31,1992,6,3,317,3.5,0,0,0,0,0,0,0,0,0.4,0.4,0.1,0.5,8,17,10,0.00,0.00,0.00,0.00,0.00,0.12,0.03,0.14,0.12,0.14,Partidos
Yordan Osorio,DF,ve Venezuela,29,1994,4,4,359,4.0,0,0,0,0,0,0,0,0,0.6,0.6,0.0,0.6,1,12,1,0.00,0.00,0.00,0.00,0.00,0.14,0.00,0.14,0.14,0.14,Partidos
Nicolás Otamendi,DF,ar Argentina,35,1988,5,1,148,1.6,0,0,0,0,0,0,0,0,0.6,0.6,0.0,0.6,0,3,0,0.00,0.00,0.00,0.00,0.00,0.35,0.00,0.35,0.35,0.35,Partidos
Juan Pablo Vargas,DF,cr Costa Rica,28,1995,3,3,270,3.0,0,0,0,0,0,0,0,0,0.0,0.0,0.0,0.0,0,2,0,0.00,0.00,0.00,0.00,0.00,0.00,0.00,0.00,0.00,0.00,Partidos
Willian Pacho,DF,ec Ecuador,22,2001,4,4,360,4.0,0,0,0,0,0,0,0,0,0.0,0.0,0.2,0.2,1,8,0,0.00,0.00,0.00,0.00,0.00,0.00,0.05,0.05,0.00,0.05,Partidos
Kendry Páez,"CC,DL",ec Ecuador,16,2007,4,4,306,3.4,1,0,1,0,1,1,1,0,1.8,1.0,0.2,1.2,2,11,5,0.29,0.00,0.29,0.00,0.00,0.52,0.07,0.59,0.29,0.36,Partidos
Exequiel Palacios,CC,ar Argentina,25,1998,2,1,103,1.1,0,0,0,0,0,0,0,0,0.0,0.0,0.0,0.0,0,5,3,0.00,0.00,0.00,0.00,0.00,0.00,0.02,0.02,0.00,0.02,Partidos
Kasey Palmer,CC,jm Jamaica,27,1996,3,3,270,3.0,0,0,0,0,0,0,0,0,0.2,0.2,0.0,0.2,3,7,5,0.00,0.00,0.00,0.00,0.00,0.05,0.01,0.07,0.05,0.07,Partidos
Lucas Paquetá,CC,br Brazil,26,1997,4,4,293,3.3,1,1,2,0,1,2,2,0,2.3,0.7,0.8,1.6,2,16,9,0.31,0.31,0.61,0.00,0.31,0.70,0.26,0.96,0.22,0.48,Partidos
Leandro Paredes,CC,ar Argentina,29,1994,3,2,176,2.0,0,0,0,0,0,1,1,0,0.9,0.1,0.0,0.1,0,4,1,0.00,0.00,0.00,0.00,0.00,0.51,0.00,0.51,0.04,0.04,Partidos
Facundo Pellistri,DL,uy Uruguay,22,2001,6,6,447,5.0,1,1,2,1,0,0,0,0,1.2,1.2,0.4,1.6,9,4,27,0.20,0.20,0.40,0.20,0.40,0.24,0.09,0.32,0.24,0.32,Partidos
Sergio Peña,CC,pe Peru,28,1995,3,3,258,2.9,0,0,0,0,0,0,1,0,0.0,0.0,0.2,0.2,1,13,1,0.00,0.00,0.00,0.00,0.00,0.00,0.06,0.07,0.00,0.07,Partidos
Ricardo Pepi,DL,us United States,21,2003,3,0,95,1.1,0,0,0,0,0,0,0,0,2.3,2.3,0.2,2.5,0,2,5,0.00,0.00,0.00,0.00,0.00,2.15,0.17,2.32,2.15,2.32,Partidos
Andreas Pereira,CC,br Brazil,28,1996,3,0,67,0.7,0,0,0,0,0,0,0,0,0.1,0.1,0.0,0.1,0,1,2,0.00,0.00,0.00,0.00,0.00,0.07,0.00,0.07,0.07,0.07,Partidos
César Pérez,CC,cl Chile,21,2002,1,0,9,0.1,0,0,0,0,0,0,0,0,0.0,0.0,0.0,0.0,0,0,2,0.00,0.00,0.00,0.00,0.00,0.14,0.00,0.14,0.14,0.14,Partidos
Germán Pezzella,DF,ar Argentina,32,1991,1,1,82,0.9,0,0,0,0,0,0,0,0,0.0,0.0,0.0,0.0,0,1,0,0.00,0.00,0.00,0.00,0.00,0.04,0.00,0.04,0.04,0.04,Partidos
Orbelín Pineda,CC,mx Mexico,27,1996,3,2,146,1.6,0,0,0,0,0,1,0,0,0.8,0.0,0.3,0.3,4,13,12,0.00,0.00,0.00,0.00,0.00,0.51,0.18,0.69,0.03,0.21,Partidos
Ethan Pinnock,DF,jm Jamaica,30,1993,3,3,270,3.0,0,0,0,0,0,0,0,0,0.2,0.2,0.0,0.2,1,4,2,0.00,0.00,0.00,0.00,0.00,0.05,0.00,0.05,0.05,0.05,Partidos
Andy Polo,DF,pe Peru,29,1994,2,2,173,1.9,0,0,0,0,0,0,0,0,0.0,0.0,0.0,0.0,4,6,8,0.00,0.00,0.00,0.00,0.00,0.00,0.01,0.01,0.00,0.01,Partidos
Ángelo Preciado,DF,ec Ecuador,25,1998,4,4,359,4.0,0,0,0,0,0,0,0,0,0.3,0.3,0.2,0.5,5,6,13,0.00,0.00,0.00,0.00,0.00,0.07,0.06,0.13,0.07,0.13,Partidos
Erick Pulgar,CC,cl Chile,30,1994,3,2,210,2.3,0,0,0,0,0,0,1,0,0.0,0.0,0.0,0.0,1,6,1,0.00,0.00,0.00,0.00,0.00,0.00,0.01,0.01,0.00,0.01,Partidos
Christian Pulisic,"DL,CC",us United States,25,1998,3,3,270,3.0,1,1,2,1,0,0,0,0,0.5,0.5,0.6,1.1,8,12,11,0.33,0.33,0.67,0.33,0.67,0.16,0.22,0.38,0.16,0.38,Partidos
Julián Quiñones,"DL,CC",mx Mexico,26,1997,3,3,252,2.8,0,0,0,0,0,0,0,0,0.4,0.4,0.4,0.8,4,11,33,0.00,0.00,0.00,0.00,0.00,0.14,0.14,0.28,0.14,0.28,Partidos
Juan Quintero,DL,co Colombia,31,1993,3,0,49,0.5,0,0,0,0,0,0,0,0,0.0,0.0,0.0,0.1,2,7,2,0.00,0.00,0.00,0.00,0.00,0.06,0.18,0.24,0.06,0.24,Partidos
Haxzel Quirós,DF,cr Costa Rica,25,1998,2,2,180,2.0,0,0,0,0,0,0,0,0,0.0,0.0,0.0,0.0,1,3,6,0.00,0.00,0.00,0.00,0.00,0.00,0.00,0.00,0.00,0.00,Partidos
,,,,,,,,,,,,,,,,,,,,,,,,,,,,,,,,,,
Piero Quispe,CC,pe Peru,22,2001,2,2,131,1.5,0,0,0,0,0,0,0,0,0.3,0.3,0.0,0.3,2,4,5,0.00,0.00,0.00,0.00,0.00,0.19,0.02,0.21,0.19,0.21,Partidos
Rodrigo Ramallo,DL,bo Bolivia,33,1990,1,0,44,0.5,0,0,0,0,0,0,0,0,0.0,0.0,0.0,0.0,1,2,1,0.00,0.00,0.00,0.00,0.00,0.00,0.07,0.07,0.00,0.07,Partidos
Eric Ramírez,DL,ve Venezuela,25,1998,2,0,17,0.2,1,0,1,1,0,0,0,0,0.6,0.6,0.0,0.6,1,0,3,5.29,0.00,5.29,5.29,5.29,3.25,0.00,3.25,3.25,3.25,Partidos
Iván Ramírez,DF,py Paraguay,29,1994,1,0,17,0.2,0,0,0,0,0,0,0,0,0.0,0.0,0.0,0.0,0,0,3,0.00,0.00,0.00,0.00,0.00,0.00,0.13,0.13,0.00,0.13,Partidos
Raphinha,DL,br Brazil,27,1996,4,3,259,2.9,1,0,1,1,0,0,0,0,1.0,1.0,0.2,1.2,8,5,26,0.35,0.00,0.35,0.35,0.35,0.35,0.07,0.42,0.35,0.42,Partidos
Tim Ream,DF,us United States,36,1987,3,3,263,2.9,0,0,0,0,0,0,0,0,0.0,0.0,0.0,0.0,2,10,0,0.00,0.00,0.00,0.00,0.00,0.00,0.00,0.00,0.00,0.00,Partidos
Bobby Reid,"CC,DL",jm Jamaica,30,1993,2,2,169,1.9,0,0,0,0,0,0,0,0,0.1,0.1,0.1,0.2,2,4,3,0.00,0.00,0.00,0.00,0.00,0.05,0.07,0.12,0.05,0.12,Partidos
Israel Reyes,DF,mx Mexico,23,2000,1,0,45,0.5,0,0,0,0,0,0,0,0,0.0,0.0,0.0,0.0,4,3,0,0.00,0.00,0.00,0.00,0.00,0.00,0.00,0.00,0.00,0.00,Partidos
Bryan Reyna,"CC,DL",pe Peru,25,1998,2,1,91,1.0,0,0,0,0,0,0,0,0,0.0,0.0,0.0,0.0,2,2,9,0.00,0.00,0.00,0.00,0.00,0.00,0.00,0.00,0.00,0.00,Partidos
Gio Reyna,"CC,DL",us United States,21,2002,3,3,200,2.2,0,0,0,0,0,0,0,0,0.1,0.1,0.1,0.2,1,12,12,0.00,0.00,0.00,0.00,0.00,0.05,0.06,0.11,0.05,0.11,Partidos
Chris Richards,DF,us United States,23,2000,3,3,270,3.0,0,0,0,0,0,0,2,0,0.3,0.3,0.0,0.3,0,2,0,0.00,0.00,0.00,0.00,0.00,0.09,0.00,0.09,0.09,0.09,Partidos
Tomás Rincón,CC,ve Venezuela,36,1988,3,0,33,0.4,0,0,0,0,0,0,0,0,0.1,0.1,0.0,0.1,0,2,0,0.00,0.00,0.00,0.00,0.00,0.17,0.00,0.17,0.17,0.17,Partidos
Richard Ríos,CC,co Colombia,23,2000,6,6,448,5.0,1,0,1,1,0,0,1,0,0.3,0.3,0.2,0.5,11,10,15,0.20,0.00,0.20,0.20,0.20,0.06,0.04,0.09,0.06,0.09,Partidos
José Rivera,"DL,CC",pe Peru,26,1997,1,0,35,0.4,0,0,0,0,0,0,0,0,0.0,0.0,0.1,0.1,0,0,2,0.00,0.00,0.00,0.00,0.00,0.00,0.14,0.14,0.00,0.14,Partidos
Antonee Robinson,DF,us United States,26,1997,3,3,270,3.0,0,1,1,0,0,0,1,0,0.1,0.1,1.4,1.4,5,6,14,0.00,0.33,0.33,0.00,0.33,0.02,0.45,0.47,0.02,0.47,Partidos
Yomar Rocha,"CC,DF",bo Bolivia,20,2003,2,2,135,1.5,0,0,0,0,0,0,1,0,0.0,0.0,0.0,0.0,1,1,3,0.00,0.00,0.00,0.00,0.00,0.00,0.02,0.02,0.00,0.02,Partidos
Sergio Rochet,PO,uy Uruguay,30,1993,6,6,540,6.0,0,0,0,0,0,0,0,0,0.0,0.0,0.0,0.0,0,0,0,0.00,0.00,0.00,0.00,0.00,0.00,0.00,0.00,0.00,0.00,Partidos
Brian Rodríguez,DL,uy Uruguay,23,2000,1,0,30,0.3,0,0,0,0,0,0,0,0,0.2,0.2,0.0,0.2,1,1,1,0.00,0.00,0.00,0.00,0.00,0.58,0.00,0.58,0.58,0.58,Partidos
Charly Rodríguez,CC,mx Mexico,27,1997,2,1,83,0.9,0,0,0,0,0,0,0,0,0.4,0.4,0.0,0.4,0,3,3,0.00,0.00,0.00,0.00,0.00,0.39,0.05,0.44,0.39,0.44,Partidos
Guido Rodríguez,CC,ar Argentina,29,1994,1,0,14,0.2,0,0,0,0,0,0,0,0,0.0,0.0,0.0,0.0,0,1,0,0.00,0.00,0.00,0.00,0.00,0.00,0.00,0.00,0.00,0.00,Partidos
James Rodríguez,"DL,CC",co Colombia,32,1991,6,6,463,5.1,1,6,7,0,1,1,1,0,1.2,0.4,2.2,2.6,5,35,20,0.19,1.17,1.36,0.00,1.17,0.23,0.43,0.67,0.08,0.51,Partidos
Kevin Rodríguez,DL,ec Ecuador,23,2000,4,2,233,2.6,1,0,1,1,0,0,0,0,0.2,0.2,0.2,0.3,2,3,18,0.39,0.00,0.39,0.39,0.39,0.07,0.06,0.13,0.07,0.13,Partidos
Rodrygo,DL,br Brazil,23,2001,4,4,326,3.6,0,0,0,0,0,0,0,0,0.7,0.7,0.6,1.3,9,12,25,0.00,0.00,0.00,0.00,0.00,0.19,0.17,0.36,0.19,0.36,Partidos
Andy Rojas,DL,cr Costa Rica,18,2005,1,0,8,0.1,0,0,0,0,0,0,0,0,0.0,0.0,0.0,0.0,0,0,0,0.00,0.00,0.00,0.00,0.00,0.00,0.00,0.00,0.00,0.00,Partidos
Matías Rojas,DL,py Paraguay,28,1995,1,0,1,0.0,0,0,0,0,0,0,0,0,0.0,0.0,0.0,0.0,0,0,1,0.00,0.00,0.00,0.00,0.00,1.22,0.00,1.22,1.22,1.22,Partidos
,,,,,,,,,,,,,,,,,,,,,,,,,,,,,,,,,,
Ángel Romero,CC,py Paraguay,31,1992,2,0,56,0.6,0,0,0,0,0,0,0,0,0.6,0.6,0.1,0.7,1,3,5,0.00,0.00,0.00,0.00,0.00,0.96,0.17,1.13,0.96,1.13,Partidos
Cristian Romero,DF,ar Argentina,25,1998,5,5,480,5.3,0,0,0,0,0,0,0,0,0.1,0.1,0.1,0.3,3,9,0,0.00,0.00,0.00,0.00,0.00,0.02,0.03,0.05,0.02,0.05,Partidos
Luis Romo,CC,mx Mexico,28,1995,3,2,235,2.6,0,1,1,0,0,0,0,0,0.3,0.3,0.2,0.5,9,30,8,0.00,0.38,0.38,0.00,0.38,0.12,0.08,0.20,0.12,0.20,Partidos
Rafael Romo,PO,ve Venezuela,33,1990,4,4,360,4.0,0,0,0,0,0,0,0,0,0.0,0.0,0.0,0.0,0,0,0,0.00,0.00,0.00,0.00,0.00,0.00,0.00,0.00,0.00,0.00,Partidos
Salomón Rondón,DL,ve Venezuela,34,1989,4,4,334,3.7,3,1,4,2,1,1,0,0,2.4,1.7,0.8,2.4,2,6,21,0.81,0.27,1.08,0.54,0.81,0.66,0.21,0.87,0.45,0.65,Partidos
Jacen Russell-Rowe,DL,ca Canada,21,2002,1,0,6,0.1,0,0,0,0,0,0,0,0,0.0,0.0,0.0,0.0,0,0,1,0.00,0.00,0.00,0.00,0.00,0.00,0.00,0.00,0.00,0.00,Partidos
José Sagredo,DF,bo Bolivia,29,1994,3,3,270,3.0,0,0,0,0,0,0,0,0,0.0,0.0,0.0,0.0,1,5,2,0.00,0.00,0.00,0.00,0.00,0.00,0.01,0.01,0.00,0.01,Partidos
Alexis Sánchez,CC,cl Chile,35,1988,3,3,245,2.7,0,0,0,0,0,0,1,0,0.7,0.7,0.2,0.9,3,11,10,0.00,0.00,0.00,0.00,0.00,0.24,0.07,0.31,0.24,0.31,Partidos
Davinson Sánchez,DF,co Colombia,27,1996,6,6,570,6.3,1,0,1,1,0,0,0,0,1.4,1.4,0.1,1.5,3,16,3,0.16,0.00,0.16,0.16,0.16,0.23,0.02,0.25,0.23,0.25,Partidos
Erick Sánchez,CC,mx Mexico,24,1999,2,0,19,0.2,0,0,0,0,0,0,0,0,0.0,0.0,0.0,0.0,1,0,0,0.00,0.00,0.00,0.00,0.00,0.08,0.00,0.08,0.08,0.08,Partidos
Anderson Santamaría,"DF,DL",pe Peru,32,1992,1,0,29,0.3,0,0,0,0,0,0,0,0,0.0,0.0,0.0,0.0,0,1,0,0.00,0.00,0.00,0.00,0.00,0.00,0.00,0.00,0.00,0.00,Partidos
Josh Sargent,"DL,CC",us United States,23,2000,2,0,24,0.3,0,0,0,0,0,0,0,0,0.0,0.0,0.0,0.1,0,0,2,0.00,0.00,0.00,0.00,0.00,0.19,0.16,0.34,0.19,0.34,Partidos
Jeremy Sarmiento,"DL,CC",ec Ecuador,21,2002,4,4,301,3.3,1,0,1,1,0,0,1,0,0.6,0.6,0.0,0.6,7,5,7,0.30,0.00,0.30,0.30,0.30,0.19,0.00,0.19,0.19,0.19,Partidos
Fernando Saucedo,CC,bo Bolivia,33,1990,2,1,100,1.1,0,0,0,0,0,0,0,0,0.0,0.0,0.0,0.1,2,2,3,0.00,0.00,0.00,0.00,0.00,0.03,0.02,0.05,0.03,0.05,Partidos
Jefferson Savarino,CC,ve Venezuela,27,1996,3,1,59,0.7,0,0,0,0,0,0,0,0,0.0,0.0,0.1,0.1,1,2,3,0.00,0.00,0.00,0.00,0.00,0.00,0.14,0.14,0.00,0.14,Partidos
Sávio,DL,br Brazil,19,2004,4,1,119,1.3,1,0,1,1,0,0,0,0,0.8,0.8,0.2,0.9,14,3,15,0.76,0.00,0.76,0.76,0.76,0.59,0.12,0.70,0.59,0.70,Partidos
Joe Scally,DF,us United States,21,2002,3,3,258,2.9,0,0,0,0,0,0,0,0,0.0,0.0,0.1,0.1,4,9,3,0.00,0.00,0.00,0.00,0.00,0.00,0.02,0.03,0.00,0.03,Partidos
Telasco Segovia,CC,ve Venezuela,20,2003,1,1,73,0.8,0,0,0,0,0,0,0,0,0.0,0.0,0.1,0.1,5,12,3,0.00,0.00,0.00,0.00,0.00,0.02,0.16,0.18,0.02,0.18,Partidos
Patrick Sequeira,PO,cr Costa Rica,24,1999,3,3,270,3.0,0,0,0,0,0,0,0,0,0.0,0.0,0.0,0.0,0,0,0,0.00,0.00,0.00,0.00,0.00,0.00,0.00,0.00,0.00,0.00,Partidos
Jacob Shaffelburg,"DL,CC",ca Canada,24,1999,6,4,346,3.8,1,1,2,1,0,0,1,0,0.3,0.3,1.6,1.9,15,4,38,0.26,0.26,0.52,0.26,0.52,0.08,0.42,0.50,0.08,0.50,Partidos
Luis Sinisterra,DL,co Colombia,24,1999,3,0,33,0.4,0,0,0,0,0,0,0,0,0.0,0.0,0.4,0.4,0,1,6,0.00,0.00,0.00,0.00,0.00,0.00,1.02,1.02,0.00,1.02,Partidos
Oliver Sonne,DF,pe Peru,23,2000,2,1,97,1.1,0,0,0,0,0,0,0,0,0.0,0.0,0.0,0.0,0,1,6,0.00,0.00,0.00,0.00,0.00,0.00,0.00,0.00,0.00,0.00,Partidos
Ramón Sosa,DL,py Paraguay,24,1999,3,1,135,1.5,1,1,2,1,0,0,1,0,0.1,0.1,0.4,0.5,6,7,25,0.67,0.67,1.33,0.67,1.33,0.09,0.27,0.36,0.09,0.36,Partidos
Yeferson Soteldo,"DL,CC",ve Venezuela,26,1997,4,3,278,3.1,0,0,0,0,0,0,0,0,0.1,0.1,0.6,0.7,14,6,20,0.00,0.00,0.00,0.00,0.00,0.04,0.18,0.23,0.04,0.23,Partidos
Dayne St. Clair,PO,ca Canada,26,1997,1,1,90,1.0,0,0,0,0,0,0,1,0,0.0,0.0,0.0,0.0,0,0,0,0.00,0.00,0.00,0.00,0.00,0.00,0.00,0.00,0.00,0.00,Partidos
,,,,,,,,,,,,,,,,,,,,,,,,,,,,,,,,,,
Luis Suárez,DL,uy Uruguay,37,1987,4,0,79,0.9,1,0,1,1,0,0,0,0,0.9,0.9,0.0,0.9,2,4,7,1.14,0.00,1.14,1.14,1.14,1.06,0.00,1.06,1.06,1.06,Partidos
Marcelo Suarez,"DF,CC",bo Bolivia,22,2001,2,1,135,1.5,0,0,0,0,0,0,0,0,0.0,0.0,0.0,0.0,0,2,0,0.00,0.00,0.00,0.00,0.00,0.00,0.00,0.00,0.00,0.00,Partidos
Gabriel Suazo,DF,cl Chile,26,1997,3,3,206,2.3,0,0,0,0,0,0,3,1,0.0,0.0,0.2,0.2,1,13,0,0.00,0.00,0.00,0.00,0.00,0.00,0.11,0.11,0.00,0.11,Partidos
Nicolás Tagliafico,DF,ar Argentina,31,1992,6,5,447,5.0,0,0,0,0,0,0,1,0,0.1,0.1,0.2,0.3,13,14,7,0.00,0.00,0.00,0.00,0.00,0.02,0.05,0.07,0.02,0.07,Partidos
Gerald Taylor,DF,cr Costa Rica,22,2001,2,1,91,1.0,0,0,0,0,0,0,0,0,0.0,0.0,0.0,0.0,0,0,0,0.00,0.00,0.00,0.00,0.00,0.00,0.00,0.00,0.00,0.00,Partidos
Miguel Terceros,"CC,DL",bo Bolivia,19,2004,3,2,192,2.1,0,0,0,0,0,0,0,0,0.3,0.3,0.0,0.3,3,5,1,0.00,0.00,0.00,0.00,0.00,0.15,0.00,0.15,0.15,0.15,Partidos
Adalid Terrazas,"CC,DL",bo Bolivia,23,2000,2,0,37,0.4,0,0,0,0,0,0,1,0,0.0,0.0,0.0,0.0,1,1,1,0.00,0.00,0.00,0.00,0.00,0.00,0.00,0.00,0.00,0.00,Partidos
Malik Tillman,CC,us United States,21,2002,1,0,2,0.0,0,0,0,0,0,0,0,0,0.1,0.1,0.0,0.1,0,1,1,0.00,0.00,0.00,0.00,0.00,4.01,0.00,4.01,4.01,4.01,Partidos
Félix Torres Caicedo,DF,ec Ecuador,27,1997,4,4,360,4.0,0,0,0,0,0,0,0,0,0.5,0.5,0.0,0.5,0,8,1,0.00,0.00,0.00,0.00,0.00,0.12,0.00,0.12,0.12,0.12,Partidos
Matt Turner,PO,us United States,29,1994,3,3,225,2.5,0,0,0,0,0,0,0,0,0.0,0.0,0.0,0.0,0,0,0,0.00,0.00,0.00,0.00,0.00,0.00,0.00,0.00,0.00,0.00,Partidos
Manfred Ugalde,DL,cr Costa Rica,21,2002,2,2,108,1.2,0,0,0,0,0,0,2,0,0.0,0.0,0.0,0.0,0,0,2,0.00,0.00,0.00,0.00,0.00,0.00,0.00,0.00,0.00,0.00,Partidos
Manuel Ugarte Ribeiro,CC,uy Uruguay,22,2001,6,6,493,5.5,0,0,0,0,0,0,1,0,0.3,0.3,0.1,0.3,2,21,4,0.00,0.00,0.00,0.00,0.00,0.05,0.02,0.06,0.05,0.06,Partidos
Mateus Uribe,CC,co Colombia,32,1991,6,1,219,2.4,0,0,0,0,0,0,1,0,0.6,0.6,0.0,0.6,1,3,0,0.00,0.00,0.00,0.00,0.00,0.28,0.01,0.29,0.28,0.29,Partidos
Ramiro Vaca,"DL,CC",bo Bolivia,24,1999,3,2,169,1.9,0,1,1,0,0,0,0,0,0.0,0.0,0.4,0.4,2,3,7,0.00,0.53,0.53,0.00,0.53,0.01,0.19,0.20,0.01,0.20,Partidos
Diego Valdés,DL,cl Chile,30,1994,1,1,45,0.5,0,0,0,0,0,0,0,0,0.0,0.0,0.0,0.0,1,0,2,0.00,0.00,0.00,0.00,0.00,0.00,0.00,0.00,0.00,0.00,Partidos
Enner Valencia,DL,ec Ecuador,34,1989,3,3,190,2.1,0,0,0,0,0,1,1,1,0.9,0.1,0.3,0.4,4,3,7,0.00,0.00,0.00,0.00,0.00,0.44,0.12,0.56,0.07,0.19,Partidos
Omar Valencia,DF,pa Panama,19,2004,1,0,8,0.1,0,0,0,0,0,0,0,0,0.0,0.0,0.0,0.0,0,0,1,0.00,0.00,0.00,0.00,0.00,0.00,0.00,0.00,0.00,0.00,Partidos
Federico Valverde,CC,uy Uruguay,25,1998,6,6,529,5.9,1,0,1,1,0,0,0,0,0.6,0.6,1.1,1.7,21,54,18,0.17,0.00,0.17,0.17,0.17,0.10,0.19,0.29,0.10,0.29,Partidos
Guillermo Varela,DF,uy Uruguay,30,1993,2,0,46,0.5,0,0,0,0,0,0,1,0,0.0,0.0,0.0,0.0,0,2,0,0.00,0.00,0.00,0.00,0.00,0.00,0.00,0.00,0.00,0.00,Partidos
Camilo Vargas,PO,co Colombia,34,1989,6,6,570,6.3,0,0,0,0,0,0,0,0,0.0,0.0,0.0,0.0,0,0,0,0.00,0.00,0.00,0.00,0.00,0.00,0.00,0.00,0.00,0.00,Partidos
Eduardo Vargas,DL,cl Chile,34,1989,3,3,195,2.2,0,0,0,0,0,0,0,0,0.0,0.0,0.1,0.1,1,2,9,0.00,0.00,0.00,0.00,0.00,0.00,0.04,0.04,0.00,0.04,Partidos
Johan Vásquez,DF,mx Mexico,25,1998,3,3,270,3.0,0,0,0,0,0,0,1,0,0.2,0.2,0.0,0.2,3,9,1,0.00,0.00,0.00,0.00,0.00,0.06,0.00,0.06,0.06,0.06,Partidos
Alexis Vega,"CC,DF",mx Mexico,26,1997,2,0,31,0.3,0,0,0,0,0,0,1,0,0.0,0.0,0.0,0.0,2,1,5,0.00,0.00,0.00,0.00,0.00,0.00,0.00,0.00,0.00,0.00,Partidos
Gustavo Velásquez,DF,py Paraguay,32,1991,3,3,253,2.8,0,0,0,0,0,0,1,0,0.0,0.0,0.0,0.0,2,5,10,0.00,0.00,0.00,0.00,0.00,0.01,0.00,0.01,0.01,0.01,Partidos
Gabriel Villamíl,CC,bo Bolivia,22,2001,3,3,242,2.7,0,0,0,0,0,0,2,0,0.2,0.2,0.0,0.2,2,3,2,0.00,0.00,0.00,0.00,0.00,0.06,0.00,0.06,0.06,0.06,Partidos
,,,,,,,,,,,,,,,,,,,,,,,,,,,,,,,,,,
Mathías Villasanti,"CC,DL",py Paraguay,27,1997,3,3,242,2.7,0,1,1,0,0,0,0,0,0.6,0.6,0.1,0.7,4,15,3,0.00,0.37,0.37,0.00,0.37,0.22,0.05,0.27,0.22,0.27,Partidos
Matías Viña,DF,uy Uruguay,26,1997,5,5,353,3.9,1,1,2,1,0,0,1,0,0.1,0.1,0.3,0.3,15,20,20,0.25,0.25,0.51,0.25,0.51,0.02,0.06,0.08,0.02,0.08,Partidos
Guillermo Vizcarra,PO,bo Bolivia,30,1993,3,3,270,3.0,0,0,0,0,0,0,0,0,0.0,0.0,0.0,0.0,0,0,0,0.00,0.00,0.00,0.00,0.00,0.00,0.00,0.00,0.00,0.00,Partidos
Jahmali Waite,PO,jm Jamaica,25,1998,3,3,270,3.0,0,0,0,0,0,0,0,0,0.0,0.0,0.0,0.0,0,0,0,0.00,0.00,0.00,0.00,0.00,0.00,0.00,0.00,0.00,0.00,Partidos
Timothy Weah,DL,us United States,23,2000,2,2,102,1.1,0,1,1,0,0,0,0,1,0.2,0.2,0.2,0.4,4,4,12,0.00,0.88,0.88,0.00,0.88,0.18,0.20,0.38,0.18,0.38,Partidos
Jovani Welch,CC,pa Panama,24,1999,3,2,205,2.3,0,0,0,0,0,0,2,0,0.1,0.1,0.0,0.1,2,11,1,0.00,0.00,0.00,0.00,0.00,0.03,0.02,0.05,0.03,0.05,Partidos
Wendell,DF,br Brazil,30,1993,2,2,175,1.9,0,0,0,0,0,0,1,0,0.0,0.0,0.2,0.2,2,3,6,0.00,0.00,0.00,0.00,0.00,0.00,0.08,0.08,0.00,0.08,Partidos
Haji Wright,CC,us United States,25,1998,1,0,12,0.1,0,0,0,0,0,0,0,0,0.1,0.1,0.0,0.1,0,0,0,0.00,0.00,0.00,0.00,0.00,0.58,0.00,0.58,0.58,0.58,Partidos
César Yanis,CC,pa Panama,28,1996,1,0,1,0.0,1,0,1,1,0,0,0,0,0.1,0.1,0.0,0.1,1,1,0,90.00,0.00,90.00,90.00,90.00,8.99,0.00,8.99,8.99,8.99,Partidos
John Yeboah,DL,ec Ecuador,23,2000,3,2,109,1.2,0,1,1,0,0,0,0,0,0.2,0.2,0.0,0.2,2,2,8,0.00,0.83,0.83,0.00,0.83,0.13,0.04,0.16,0.13,0.16,Partidos
Édgar Yoel Bárcenas,CC,pa Panama,30,1993,4,4,358,4.0,0,0,0,0,0,0,0,0,0.4,0.4,0.3,0.7,8,20,29,0.00,0.00,0.00,0.00,0.00,0.09,0.09,0.18,0.09,0.18,Partidos
Carlos Zambrano,DF,pe Peru,34,1989,3,3,258,2.9,0,0,0,0,0,0,2,0,0.0,0.0,0.0,0.0,0,3,0,0.00,0.00,0.00,0.00,0.00,0.01,0.00,0.01,0.01,0.01,Partidos
Álvaro Zamora,"DL,CC",cr Costa Rica,21,2002,3,2,157,1.7,0,0,0,0,0,0,0,0,0.0,0.0,0.1,0.1,3,0,8,0.00,0.00,0.00,0.00,0.00,0.02,0.04,0.05,0.02,0.05,Partidos
Franco Zanelatto,CC,pe Peru,23,2000,1,0,28,0.3,0,0,0,0,0,0,0,0,0.1,0.1,0.0,0.1,1,0,3,0.00,0.00,0.00,0.00,0.00,0.18,0.06,0.23,0.18,0.23,Partidos
